Bartonella washoensis,ERR1942292.1,gi|257153093|dbj|AB519066.1|,100.00,223,0,0,1,223,251,29,1e-111,412
Bartonella washoensis,ERR1942292.2,gi|257153093|dbj|AB519066.1|,100.00,223,0,0,1,223,251,29,1e-111,412
Bartonella washoensis,ERR1942292.3,gi|257153093|dbj|AB519066.1|,100.00,223,0,0,1,223,251,29,1e-111,412
Bartonella washoensis,ERR1942292.4,gi|257153093|dbj|AB519066.1|,100.00,223,0,0,1,223,251,29,1e-111,412
Bartonella washoensis,ERR1942292.5,gi|257153093|dbj|AB519066.1|,100.00,223,0,0,1,223,251,29,1e-111,412
Bartonella washoensis,ERR1942292.6,gi|257153093|dbj|AB519066.1|,100.00,223,0,0,1,223,251,29,1e-111,412
Bartonella washoensis,ERR1942292.7,gi|257153093|dbj|AB519066.1|,100.00,212,0,0,1,212,251,40,2e-105,392
Bartonella washoensis,ERR1942292.8,gi|257153093|dbj|AB519066.1|,100.00,223,0,0,1,223,251,29,1e-111,412
Bartonella washoensis,ERR1942292.9,gi|257153093|dbj|AB519066.1|,100.00,223,0,0,1,223,251,29,1e-111,412
Bartonella washoensis,ERR1942292.10,gi|257153093|dbj|AB519066.1|,100.00,223,0,0,1,223,251,29,1e-111,412
Bartonella washoensis,ERR1942292.11,gi|257153093|dbj|AB519066.1|,100.00,223,0,0,1,223,251,29,1e-111,412
Bartonella washoensis,ERR1942292.12,gi|257153093|dbj|AB519066.1|,99.55,223,1,0,1,223,251,29,7e-110,407
Bartonella washoensis,ERR1942292.13,gi|257153093|dbj|AB519066.1|,100.00,223,0,0,1,223,251,29,1e-111,412
Bartonella washoensis,ERR1942292.14,gi|257153093|dbj|AB519066.1|,100.00,223,0,0,1,223,251,29,1e-111,412
Bartonella washoensis,ERR1942292.15,gi|257153093|dbj|AB519066.1|,100.00,223,0,0,1,223,251,29,1e-111,412
Bartonella washoensis,ERR1942292.16,gi|257153093|dbj|AB519066.1|,100.00,223,0,0,1,223,251,29,1e-111,412
Bartonella washoensis,ERR1942292.17,gi|257153093|dbj|AB519066.1|,100.00,223,0,0,1,223,251,29,1e-111,412
Bartonella washoensis,ERR1942292.18,gi|257153093|dbj|AB519066.1|,100.00,223,0,0,1,223,251,29,1e-111,412
Bartonella washoensis,ERR1942292.19,gi|257153093|dbj|AB519066.1|,100.00,223,0,0,1,223,251,29,1e-111,412
Bartonella washoensis,ERR1942292.20,gi|257153093|dbj|AB519066.1|,100.00,223,0,0,1,223,251,29,1e-111,412
Bartonella washoensis,ERR1942292.21,gi|257153093|dbj|AB519066.1|,100.00,223,0,0,1,223,251,29,1e-111,412
Bartonella washoensis,ERR1942292.22,gi|257153093|dbj|AB519066.1|,100.00,223,0,0,1,223,251,29,1e-111,412
Bartonella washoensis,ERR1942292.23,gi|257153093|dbj|AB519066.1|,99.55,224,1,0,1,224,251,28,2e-110,409
Bartonella washoensis,ERR1942292.24,gi|257153093|dbj|AB519066.1|,100.00,223,0,0,1,223,251,29,1e-111,412
Bartonella washoensis,ERR1942292.25,gi|257153093|dbj|AB519066.1|,100.00,223,0,0,1,223,251,29,1e-111,412
Bartonella washoensis,ERR1942292.26,gi|257153093|dbj|AB519066.1|,100.00,223,0,0,1,223,251,29,1e-111,412
Bartonella washoensis,ERR1942292.27,gi|257153093|dbj|AB519066.1|,100.00,223,0,0,1,223,251,29,1e-111,412
Bartonella washoensis,ERR1942292.28,gi|257153093|dbj|AB519066.1|,100.00,223,0,0,1,223,251,29,1e-111,412
Bartonella washoensis,ERR1942292.29,gi|257153093|dbj|AB519066.1|,99.55,223,0,1,1,222,251,29,2e-109,405
Bartonella washoensis,ERR1942292.30,gi|257153093|dbj|AB519066.1|,100.00,223,0,0,1,223,251,29,1e-111,412
Bartonella washoensis,ERR1942292.31,gi|257153093|dbj|AB519066.1|,100.00,223,0,0,1,223,251,29,1e-111,412
Aestuariimicrobium kwangyangense,ERR1942292.32,gi|780749994|gb|KP192005.1|,97.00,233,5,2,1,232,282,51,7e-105,390
Bartonella washoensis,ERR1942292.33,gi|257153093|dbj|AB519066.1|,100.00,223,0,0,1,223,251,29,1e-111,412
Bartonella washoensis,ERR1942292.34,gi|257153093|dbj|AB519066.1|,100.00,223,0,0,1,223,251,29,1e-111,412
Bartonella washoensis,ERR1942292.35,gi|257153093|dbj|AB519066.1|,100.00,223,0,0,1,223,251,29,1e-111,412
Bartonella washoensis,ERR1942292.36,gi|257153093|dbj|AB519066.1|,100.00,223,0,0,1,223,251,29,1e-111,412
Bartonella washoensis,ERR1942292.37,gi|257153093|dbj|AB519066.1|,100.00,223,0,0,1,223,251,29,1e-111,412
Bartonella washoensis,ERR1942292.38,gi|257153093|dbj|AB519066.1|,100.00,223,0,0,1,223,251,29,1e-111,412
Bartonella washoensis,ERR1942292.39,gi|257153093|dbj|AB519066.1|,100.00,223,0,0,1,223,251,29,1e-111,412
Bartonella washoensis,ERR1942292.40,gi|257153093|dbj|AB519066.1|,100.00,223,0,0,1,223,251,29,1e-111,412
Bartonella washoensis,ERR1942292.41,gi|257153093|dbj|AB519066.1|,99.56,225,1,0,1,225,251,27,5e-111,411
Bartonella washoensis,ERR1942292.42,gi|257153093|dbj|AB519066.1|,100.00,223,0,0,1,223,251,29,1e-111,412
Bartonella washoensis,ERR1942292.43,gi|257153093|dbj|AB519066.1|,99.55,224,1,0,1,224,251,28,2e-110,409
Bartonella washoensis,ERR1942292.44,gi|257153093|dbj|AB519066.1|,100.00,223,0,0,1,223,251,29,1e-111,412
Bartonella washoensis,ERR1942292.45,gi|257153093|dbj|AB519066.1|,100.00,223,0,0,1,223,251,29,1e-111,412
Bartonella washoensis,ERR1942292.46,gi|257153093|dbj|AB519066.1|,100.00,222,0,0,1,222,251,30,5e-111,411
Bartonella washoensis,ERR1942292.47,gi|257153093|dbj|AB519066.1|,99.56,225,1,0,1,225,251,27,5e-111,411
Bartonella washoensis,ERR1942292.48,gi|257153093|dbj|AB519066.1|,100.00,223,0,0,1,223,251,29,1e-111,412
Bartonella washoensis,ERR1942292.49,gi|257153093|dbj|AB519066.1|,99.56,225,1,0,1,225,251,27,5e-111,411
Bartonella washoensis,ERR1942292.50,gi|257153093|dbj|AB519066.1|,100.00,223,0,0,1,223,251,29,1e-111,412
Bartonella washoensis,ERR1942292.51,gi|257153093|dbj|AB519066.1|,100.00,223,0,0,1,223,251,29,1e-111,412
Bartonella washoensis,ERR1942292.52,gi|257153093|dbj|AB519066.1|,100.00,223,0,0,1,223,251,29,1e-111,412
Bartonella washoensis,ERR1942292.53,gi|257153093|dbj|AB519066.1|,100.00,223,0,0,1,223,251,29,1e-111,412
Bartonella washoensis,ERR1942292.54,gi|257153093|dbj|AB519066.1|,100.00,223,0,0,1,223,251,29,1e-111,412
Bartonella washoensis,ERR1942292.55,gi|257153093|dbj|AB519066.1|,99.55,222,1,0,1,222,251,30,2e-109,405
Bartonella washoensis,ERR1942292.56,gi|257153093|dbj|AB519066.1|,100.00,223,0,0,1,223,251,29,1e-111,412
Bartonella washoensis,ERR1942292.57,gi|257153093|dbj|AB519066.1|,99.55,224,1,0,1,224,251,28,2e-110,409
Bartonella washoensis,ERR1942292.58,gi|257153093|dbj|AB519066.1|,99.55,220,1,0,1,220,251,32,3e-108,401
Bartonella washoensis,ERR1942292.59,gi|257153093|dbj|AB519066.1|,100.00,223,0,0,1,223,251,29,1e-111,412
Bartonella washoensis,ERR1942292.60,gi|257153093|dbj|AB519066.1|,100.00,223,0,0,1,223,251,29,1e-111,412
Bartonella washoensis,ERR1942292.61,gi|257153093|dbj|AB519066.1|,100.00,223,0,0,1,223,251,29,1e-111,412
Bartonella washoensis,ERR1942292.62,gi|257153093|dbj|AB519066.1|,100.00,222,0,0,1,222,251,30,5e-111,411
Bartonella washoensis,ERR1942292.63,gi|257153093|dbj|AB519066.1|,100.00,216,0,0,1,216,251,36,1e-107,399
Bartonella washoensis,ERR1942292.64,gi|257153093|dbj|AB519066.1|,100.00,223,0,0,1,223,251,29,1e-111,412
Bartonella washoensis,ERR1942292.65,gi|257153093|dbj|AB519066.1|,99.55,224,1,0,1,224,251,28,2e-110,409
Bartonella washoensis,ERR1942292.66,gi|257153093|dbj|AB519066.1|,99.55,223,0,1,1,222,251,29,2e-109,405
Bartonella washoensis,ERR1942292.67,gi|257153093|dbj|AB519066.1|,100.00,211,0,0,1,211,251,41,6e-105,390
Bartonella washoensis,ERR1942292.68,gi|257153093|dbj|AB519066.1|,100.00,223,0,0,1,223,251,29,1e-111,412
Bartonella washoensis,ERR1942292.69,gi|257153093|dbj|AB519066.1|,99.55,223,1,0,1,223,251,29,7e-110,407
Bartonella washoensis,ERR1942292.70,gi|257153093|dbj|AB519066.1|,100.00,216,0,0,1,216,251,36,1e-107,399
Bartonella washoensis,ERR1942292.71,gi|257153093|dbj|AB519066.1|,100.00,223,0,0,1,223,251,29,1e-111,412
Bartonella washoensis,ERR1942292.72,gi|257153093|dbj|AB519066.1|,99.55,222,1,0,1,222,251,30,2e-109,405
Bartonella washoensis,ERR1942292.73,gi|257153093|dbj|AB519066.1|,100.00,223,0,0,1,223,251,29,1e-111,412
Bartonella washoensis,ERR1942292.74,gi|257153093|dbj|AB519066.1|,100.00,221,0,0,1,221,251,31,2e-110,409
Bartonella washoensis,ERR1942292.75,gi|257153093|dbj|AB519066.1|,99.55,223,0,1,1,222,251,29,2e-109,405
Bartonella washoensis,ERR1942292.76,gi|257153093|dbj|AB519066.1|,99.54,216,1,0,1,216,251,36,5e-106,394
Bartonella washoensis,ERR1942292.77,gi|257153093|dbj|AB519066.1|,100.00,223,0,0,1,223,251,29,1e-111,412
Bartonella washoensis,ERR1942292.78,gi|257153093|dbj|AB519066.1|,100.00,219,0,0,1,219,251,33,2e-109,405
Bartonella washoensis,ERR1942292.79,gi|257153093|dbj|AB519066.1|,100.00,210,0,0,1,210,251,42,2e-104,388
Bartonella washoensis,ERR1942292.80,gi|257153093|dbj|AB519066.1|,100.00,223,0,0,1,223,251,29,1e-111,412
Bartonella washoensis,ERR1942292.81,gi|257153093|dbj|AB519066.1|,100.00,223,0,0,1,223,251,29,1e-111,412
Bartonella washoensis,ERR1942292.82,gi|257153093|dbj|AB519066.1|,100.00,223,0,0,1,223,251,29,1e-111,412
Bartonella washoensis,ERR1942292.83,gi|257153093|dbj|AB519066.1|,100.00,211,0,0,1,211,251,41,6e-105,390
Bartonella washoensis,ERR1942292.84,gi|257153093|dbj|AB519066.1|,100.00,223,0,0,1,223,251,29,1e-111,412
Bartonella washoensis,ERR1942292.85,gi|257153093|dbj|AB519066.1|,100.00,223,0,0,1,223,251,29,1e-111,412
Bartonella washoensis,ERR1942292.86,gi|257153093|dbj|AB519066.1|,100.00,223,0,0,1,223,251,29,1e-111,412
Bartonella washoensis,ERR1942292.87,gi|257153093|dbj|AB519066.1|,100.00,216,0,0,1,216,251,36,1e-107,399
Bartonella washoensis,ERR1942292.88,gi|257153093|dbj|AB519066.1|,100.00,223,0,0,1,223,251,29,1e-111,412
Bartonella washoensis,ERR1942292.89,gi|257153093|dbj|AB519066.1|,100.00,216,0,0,1,216,251,36,1e-107,399
Bartonella washoensis,ERR1942292.90,gi|257153093|dbj|AB519066.1|,99.55,223,1,0,1,223,251,29,2e-110,409
Bartonella washoensis,ERR1942292.91,gi|257153093|dbj|AB519066.1|,100.00,216,0,0,1,216,251,36,1e-107,399
Bartonella washoensis,ERR1942292.92,gi|257153093|dbj|AB519066.1|,98.22,225,4,0,1,225,251,27,5e-106,394
Bartonella washoensis,ERR1942292.93,gi|257153093|dbj|AB519066.1|,100.00,222,0,0,1,222,251,30,5e-111,411
Bartonella washoensis,ERR1942292.94,gi|257153093|dbj|AB519066.1|,100.00,210,0,0,1,210,251,42,2e-104,388
Bartonella washoensis,ERR1942292.95,gi|257153093|dbj|AB519066.1|,100.00,223,0,0,1,223,251,29,1e-111,412
Bartonella washoensis,ERR1942292.96,gi|257153093|dbj|AB519066.1|,100.00,223,0,0,1,223,251,29,1e-111,412
Bartonella washoensis,ERR1942292.97,gi|257153093|dbj|AB519066.1|,100.00,223,0,0,1,223,251,29,1e-111,412
Bartonella washoensis,ERR1942292.98,gi|257153093|dbj|AB519066.1|,100.00,218,0,0,1,218,251,34,8e-109,403
Bartonella washoensis,ERR1942292.99,gi|257153093|dbj|AB519066.1|,100.00,223,0,0,1,223,251,29,1e-111,412
Bartonella washoensis,ERR1942292.100,gi|257153093|dbj|AB519066.1|,100.00,223,0,0,1,223,251,29,1e-111,412
Bartonella washoensis,ERR1942292.101,gi|257153093|dbj|AB519066.1|,99.53,212,1,0,1,212,251,40,8e-104,387
Bartonella washoensis,ERR1942292.102,gi|257153093|dbj|AB519066.1|,100.00,223,0,0,1,223,251,29,1e-111,412
Bartonella washoensis,ERR1942292.103,gi|257153093|dbj|AB519066.1|,100.00,223,0,0,1,223,251,29,1e-111,412
Bartonella washoensis,ERR1942292.104,gi|257153093|dbj|AB519066.1|,100.00,222,0,0,1,222,251,30,5e-111,411
Bartonella washoensis,ERR1942292.105,gi|257153093|dbj|AB519066.1|,100.00,222,0,0,1,222,251,30,5e-111,411
Bartonella washoensis,ERR1942292.106,gi|257153093|dbj|AB519066.1|,100.00,216,0,0,1,216,251,36,1e-107,399
Bartonella washoensis,ERR1942292.107,gi|257153093|dbj|AB519066.1|,100.00,223,0,0,1,223,251,29,1e-111,412
Bartonella washoensis,ERR1942292.109,gi|257153093|dbj|AB519066.1|,100.00,223,0,0,1,223,251,29,1e-111,412
Bartonella washoensis,ERR1942292.110,gi|257153093|dbj|AB519066.1|,100.00,222,0,0,1,222,251,30,5e-111,411
Bartonella washoensis,ERR1942292.111,gi|257153093|dbj|AB519066.1|,100.00,223,0,0,1,223,251,29,1e-111,412
Bartonella washoensis,ERR1942292.112,gi|257153093|dbj|AB519066.1|,100.00,223,0,0,1,223,251,29,1e-111,412
Bartonella washoensis,ERR1942292.113,gi|257153093|dbj|AB519066.1|,100.00,223,0,0,1,223,251,29,1e-111,412
Bartonella washoensis,ERR1942292.114,gi|257153093|dbj|AB519066.1|,99.56,225,1,0,1,225,251,27,5e-111,411
Bartonella washoensis,ERR1942292.115,gi|257153093|dbj|AB519066.1|,100.00,223,0,0,1,223,251,29,1e-111,412
Bartonella washoensis,ERR1942292.116,gi|257153093|dbj|AB519066.1|,100.00,223,0,0,1,223,251,29,1e-111,412
Bartonella washoensis,ERR1942292.117,gi|257153093|dbj|AB519066.1|,100.00,223,0,0,1,223,251,29,1e-111,412
Bartonella washoensis,ERR1942292.118,gi|257153093|dbj|AB519066.1|,100.00,222,0,0,1,222,251,30,5e-111,411
Bartonella washoensis,ERR1942292.119,gi|257153093|dbj|AB519066.1|,100.00,223,0,0,1,223,251,29,1e-111,412
Bartonella washoensis,ERR1942292.120,gi|257153093|dbj|AB519066.1|,100.00,223,0,0,1,223,251,29,1e-111,412
Bartonella washoensis,ERR1942292.121,gi|257153093|dbj|AB519066.1|,99.55,223,1,0,1,223,251,29,7e-110,407
Bartonella washoensis,ERR1942292.122,gi|257153093|dbj|AB519066.1|,100.00,215,0,0,1,215,251,37,4e-107,398
Bartonella washoensis,ERR1942292.123,gi|257153093|dbj|AB519066.1|,100.00,223,0,0,1,223,251,29,1e-111,412
Bartonella washoensis,ERR1942292.124,gi|257153093|dbj|AB519066.1|,100.00,216,0,0,1,216,251,36,1e-107,399
Bartonella washoensis,ERR1942292.125,gi|257153093|dbj|AB519066.1|,99.56,225,1,0,1,225,251,27,5e-111,411
Bartonella washoensis,ERR1942292.126,gi|257153093|dbj|AB519066.1|,100.00,222,0,0,1,222,251,30,5e-111,411
Bartonella washoensis,ERR1942292.127,gi|257153093|dbj|AB519066.1|,100.00,223,0,0,1,223,251,29,1e-111,412
Bartonella washoensis,ERR1942292.128,gi|257153093|dbj|AB519066.1|,100.00,223,0,0,1,223,251,29,1e-111,412
Bartonella washoensis,ERR1942292.129,gi|257153093|dbj|AB519066.1|,99.55,223,1,0,1,223,251,29,7e-110,407
Bartonella washoensis,ERR1942292.130,gi|257153093|dbj|AB519066.1|,100.00,223,0,0,1,223,251,29,1e-111,412
Bartonella washoensis,ERR1942292.131,gi|257153093|dbj|AB519066.1|,100.00,223,0,0,1,223,251,29,1e-111,412
Bartonella washoensis,ERR1942292.132,gi|257153093|dbj|AB519066.1|,100.00,223,0,0,1,223,251,29,1e-111,412
Bartonella washoensis,ERR1942292.133,gi|257153093|dbj|AB519066.1|,100.00,216,0,0,1,216,251,36,1e-107,399
Bartonella washoensis,ERR1942292.134,gi|257153093|dbj|AB519066.1|,100.00,221,0,0,1,221,251,31,2e-110,409
Bartonella washoensis,ERR1942292.135,gi|257153093|dbj|AB519066.1|,100.00,223,0,0,1,223,251,29,1e-111,412
Bartonella washoensis,ERR1942292.136,gi|257153093|dbj|AB519066.1|,100.00,223,0,0,1,223,251,29,1e-111,412
Bartonella washoensis,ERR1942292.137,gi|257153093|dbj|AB519066.1|,100.00,216,0,0,1,216,251,36,1e-107,399
Bartonella washoensis,ERR1942292.138,gi|257153093|dbj|AB519066.1|,100.00,216,0,0,1,216,251,36,1e-107,399
Bartonella washoensis,ERR1942292.139,gi|257153093|dbj|AB519066.1|,100.00,216,0,0,1,216,251,36,1e-107,399
Bartonella washoensis,ERR1942292.140,gi|257153093|dbj|AB519066.1|,99.55,224,1,0,1,224,251,28,2e-110,409
Bartonella washoensis,ERR1942292.141,gi|257153093|dbj|AB519066.1|,100.00,223,0,0,1,223,251,29,1e-111,412
Bartonella washoensis,ERR1942292.142,gi|257153093|dbj|AB519066.1|,100.00,222,0,0,1,222,251,30,5e-111,411
Bartonella washoensis,ERR1942292.143,gi|257153093|dbj|AB519066.1|,100.00,216,0,0,1,216,251,36,1e-107,399
Bartonella washoensis,ERR1942292.144,gi|257153093|dbj|AB519066.1|,100.00,216,0,0,1,216,251,36,1e-107,399
Bartonella washoensis,ERR1942292.145,gi|257153093|dbj|AB519066.1|,100.00,222,0,0,1,222,251,30,5e-111,411
Bartonella washoensis,ERR1942292.146,gi|257153093|dbj|AB519066.1|,100.00,223,0,0,1,223,251,29,1e-111,412
Bartonella washoensis,ERR1942292.147,gi|257153093|dbj|AB519066.1|,100.00,223,0,0,1,223,251,29,1e-111,412
Bartonella washoensis,ERR1942292.148,gi|257153093|dbj|AB519066.1|,100.00,223,0,0,1,223,251,29,1e-111,412
Bartonella washoensis,ERR1942292.149,gi|257153093|dbj|AB519066.1|,99.08,217,0,2,1,216,251,36,2e-104,388
Bartonella washoensis,ERR1942292.150,gi|257153093|dbj|AB519066.1|,100.00,216,0,0,1,216,251,36,1e-107,399
Bartonella washoensis,ERR1942292.151,gi|257153093|dbj|AB519066.1|,100.00,216,0,0,1,216,251,36,1e-107,399
Bartonella washoensis,ERR1942292.152,gi|257153093|dbj|AB519066.1|,100.00,223,0,0,1,223,251,29,1e-111,412
Bartonella washoensis,ERR1942292.153,gi|257153093|dbj|AB519066.1|,99.55,223,1,0,1,223,251,29,7e-110,407
Bartonella washoensis,ERR1942292.154,gi|257153093|dbj|AB519066.1|,100.00,223,0,0,1,223,251,29,1e-111,412
Bartonella washoensis,ERR1942292.155,gi|257153093|dbj|AB519066.1|,100.00,223,0,0,1,223,251,29,1e-111,412
Bartonella washoensis,ERR1942292.156,gi|257153093|dbj|AB519066.1|,100.00,211,0,0,1,211,251,41,6e-105,390
Bartonella washoensis,ERR1942292.157,gi|257153093|dbj|AB519066.1|,100.00,216,0,0,1,216,251,36,1e-107,399
Bartonella washoensis,ERR1942292.158,gi|257153093|dbj|AB519066.1|,100.00,223,0,0,1,223,251,29,1e-111,412
Bartonella washoensis,ERR1942292.159,gi|257153093|dbj|AB519066.1|,100.00,216,0,0,1,216,251,36,1e-107,399
Bartonella washoensis,ERR1942292.160,gi|257153093|dbj|AB519066.1|,100.00,223,0,0,1,223,251,29,1e-111,412
Bartonella washoensis,ERR1942292.161,gi|257153093|dbj|AB519066.1|,100.00,223,0,0,1,223,251,29,1e-111,412
Bartonella washoensis,ERR1942292.162,gi|257153093|dbj|AB519066.1|,100.00,222,0,0,1,222,251,30,5e-111,411
Solemya pervernicosa gill symbiont,ERR1942292.163,gi|262205100|dbj|AB499617.1|,86.16,159,18,3,1,158,296,141,3e-38,169
Bartonella washoensis,ERR1942292.164,gi|257153093|dbj|AB519066.1|,100.00,223,0,0,1,223,251,29,1e-111,412
Bartonella washoensis,ERR1942292.165,gi|257153093|dbj|AB519066.1|,99.11,224,1,1,1,224,251,29,9e-109,403
Bartonella washoensis,ERR1942292.166,gi|257153093|dbj|AB519066.1|,100.00,221,0,0,1,221,251,31,2e-110,409
Bartonella washoensis,ERR1942292.167,gi|257153093|dbj|AB519066.1|,99.56,225,1,0,1,225,251,27,5e-111,411
Bartonella washoensis,ERR1942292.168,gi|257153093|dbj|AB519066.1|,100.00,223,0,0,1,223,251,29,1e-111,412
Bartonella washoensis,ERR1942292.169,gi|257153093|dbj|AB519066.1|,100.00,223,0,0,1,223,251,29,1e-111,412
Bartonella washoensis,ERR1942292.171,gi|257153093|dbj|AB519066.1|,100.00,222,0,0,1,222,251,30,5e-111,411
Bartonella washoensis,ERR1942292.172,gi|257153093|dbj|AB519066.1|,100.00,223,0,0,1,223,251,29,1e-111,412
Bartonella washoensis,ERR1942292.173,gi|257153093|dbj|AB519066.1|,100.00,223,0,0,1,223,251,29,1e-111,412
Bartonella washoensis,ERR1942292.174,gi|257153093|dbj|AB519066.1|,100.00,216,0,0,1,216,251,36,1e-107,399
Bartonella washoensis,ERR1942292.176,gi|257153093|dbj|AB519066.1|,100.00,216,0,0,1,216,251,36,1e-107,399
Bartonella washoensis,ERR1942292.177,gi|257153093|dbj|AB519066.1|,99.55,224,1,0,1,224,251,28,2e-110,409
Bartonella washoensis,ERR1942292.178,gi|257153093|dbj|AB519066.1|,100.00,222,0,0,1,222,251,30,5e-111,411
Bartonella washoensis,ERR1942292.179,gi|257153093|dbj|AB519066.1|,100.00,212,0,0,1,212,251,40,2e-105,392
Bartonella washoensis,ERR1942292.180,gi|257153093|dbj|AB519066.1|,100.00,223,0,0,1,223,251,29,1e-111,412
Bartonella washoensis,ERR1942292.181,gi|257153093|dbj|AB519066.1|,99.54,217,0,1,1,216,251,35,5e-106,394
Bartonella washoensis,ERR1942292.182,gi|257153093|dbj|AB519066.1|,100.00,223,0,0,1,223,251,29,1e-111,412
Bartonella washoensis,ERR1942292.183,gi|257153093|dbj|AB519066.1|,100.00,222,0,0,1,222,251,30,5e-111,411
Bartonella washoensis,ERR1942292.184,gi|257153093|dbj|AB519066.1|,99.53,214,1,0,9,222,223,10,7e-105,390
Bartonella washoensis,ERR1942292.185,gi|257153093|dbj|AB519066.1|,100.00,223,0,0,1,223,251,29,1e-111,412
Bartonella washoensis,ERR1942292.186,gi|257153093|dbj|AB519066.1|,100.00,223,0,0,1,223,251,29,1e-111,412
Bartonella washoensis,ERR1942292.187,gi|257153093|dbj|AB519066.1|,99.56,225,1,0,1,225,251,27,5e-111,411
Bartonella washoensis,ERR1942292.188,gi|257153093|dbj|AB519066.1|,100.00,223,0,0,1,223,251,29,1e-111,412
Bartonella washoensis,ERR1942292.189,gi|257153093|dbj|AB519066.1|,100.00,222,0,0,1,222,251,30,5e-111,411
Bartonella washoensis,ERR1942292.190,gi|257153093|dbj|AB519066.1|,100.00,223,0,0,1,223,251,29,1e-111,412
Bartonella washoensis,ERR1942292.191,gi|257153093|dbj|AB519066.1|,100.00,216,0,0,1,216,251,36,1e-107,399
Bartonella washoensis,ERR1942292.192,gi|257153093|dbj|AB519066.1|,100.00,217,0,0,1,217,251,35,3e-108,401
Bartonella washoensis,ERR1942292.193,gi|257153093|dbj|AB519066.1|,100.00,223,0,0,1,223,251,29,1e-111,412
unidentified bacterium,ERR1942292.194,gi|301276857|gb|HM740206.1|,93.33,210,12,2,1,209,320,112,2e-80,309
Bartonella washoensis,ERR1942292.195,gi|257153093|dbj|AB519066.1|,100.00,218,0,0,1,218,251,34,8e-109,403
Bartonella washoensis,ERR1942292.196,gi|257153093|dbj|AB519066.1|,100.00,223,0,0,1,223,251,29,1e-111,412
Bartonella washoensis,ERR1942292.197,gi|257153093|dbj|AB519066.1|,100.00,223,0,0,1,223,251,29,1e-111,412
Bartonella washoensis,ERR1942292.198,gi|257153093|dbj|AB519066.1|,100.00,223,0,0,1,223,251,29,1e-111,412
Bartonella washoensis,ERR1942292.199,gi|257153093|dbj|AB519066.1|,100.00,223,0,0,1,223,251,29,1e-111,412
Bartonella washoensis,ERR1942292.200,gi|257153093|dbj|AB519066.1|,100.00,223,0,0,1,223,251,29,1e-111,412
Bartonella washoensis,ERR1942292.201,gi|257153093|dbj|AB519066.1|,100.00,218,0,0,1,218,251,34,8e-109,403
Solemya pervernicosa gill symbiont,ERR1942292.202,gi|262205100|dbj|AB499617.1|,86.16,159,18,3,1,158,296,141,3e-38,169
Bartonella washoensis,ERR1942292.203,gi|257153093|dbj|AB519066.1|,100.00,210,0,0,1,210,251,42,2e-104,388
Bartonella washoensis,ERR1942292.204,gi|257153093|dbj|AB519066.1|,100.00,222,0,0,1,222,251,30,5e-111,411
Bartonella washoensis,ERR1942292.205,gi|257153093|dbj|AB519066.1|,99.55,224,0,1,1,224,251,29,7e-110,407
Bartonella washoensis,ERR1942292.206,gi|257153093|dbj|AB519066.1|,100.00,223,0,0,1,223,251,29,1e-111,412
Bartonella washoensis,ERR1942292.207,gi|257153093|dbj|AB519066.1|,100.00,223,0,0,1,223,251,29,1e-111,412
Bartonella washoensis,ERR1942292.208,gi|257153093|dbj|AB519066.1|,100.00,223,0,0,1,223,251,29,1e-111,412
Bartonella washoensis,ERR1942292.209,gi|257153093|dbj|AB519066.1|,100.00,223,0,0,1,223,251,29,1e-111,412
Bartonella washoensis,ERR1942292.210,gi|257153093|dbj|AB519066.1|,100.00,222,0,0,1,222,251,30,5e-111,411
Bartonella washoensis,ERR1942292.211,gi|257153093|dbj|AB519066.1|,100.00,223,0,0,1,223,251,29,1e-111,412
Bartonella washoensis,ERR1942292.212,gi|257153093|dbj|AB519066.1|,100.00,222,0,0,1,222,251,30,5e-111,411
Bartonella washoensis,ERR1942292.213,gi|257153093|dbj|AB519066.1|,100.00,223,0,0,1,223,251,29,1e-111,412
Bartonella washoensis,ERR1942292.214,gi|257153093|dbj|AB519066.1|,99.55,223,0,1,1,222,251,29,2e-109,405
Bartonella washoensis,ERR1942292.215,gi|257153093|dbj|AB519066.1|,100.00,224,0,0,1,224,251,28,4e-112,414
Bartonella washoensis,ERR1942292.216,gi|257153093|dbj|AB519066.1|,100.00,223,0,0,1,223,251,29,1e-111,412
Bartonella washoensis,ERR1942292.217,gi|257153093|dbj|AB519066.1|,100.00,222,0,0,1,222,251,30,5e-111,411
Bartonella washoensis,ERR1942292.218,gi|257153093|dbj|AB519066.1|,99.07,216,2,0,1,216,251,36,2e-104,388
Bartonella washoensis,ERR1942292.219,gi|257153093|dbj|AB519066.1|,100.00,223,0,0,1,223,251,29,1e-111,412
Bartonella washoensis,ERR1942292.220,gi|257153093|dbj|AB519066.1|,99.54,217,1,0,1,217,251,35,1e-106,396
Bartonella washoensis,ERR1942292.222,gi|257153093|dbj|AB519066.1|,100.00,223,0,0,1,223,251,29,1e-111,412
Bartonella washoensis,ERR1942292.223,gi|257153093|dbj|AB519066.1|,100.00,223,0,0,1,223,251,29,1e-111,412
Bartonella washoensis,ERR1942292.224,gi|257153093|dbj|AB519066.1|,100.00,223,0,0,1,223,251,29,1e-111,412
Bartonella washoensis,ERR1942292.225,gi|257153093|dbj|AB519066.1|,99.07,215,2,0,1,215,251,37,8e-104,387
Bartonella washoensis,ERR1942292.226,gi|257153093|dbj|AB519066.1|,100.00,222,0,0,1,222,251,30,5e-111,411
Bartonella washoensis,ERR1942292.227,gi|257153093|dbj|AB519066.1|,100.00,216,0,0,1,216,251,36,1e-107,399
Bartonella washoensis,ERR1942292.228,gi|257153093|dbj|AB519066.1|,100.00,186,0,0,1,186,251,66,4e-91,344
Bartonella washoensis,ERR1942292.229,gi|257153093|dbj|AB519066.1|,100.00,223,0,0,1,223,251,29,1e-111,412
Bartonella washoensis,ERR1942292.230,gi|257153093|dbj|AB519066.1|,99.55,223,1,0,1,223,251,29,7e-110,407
Bartonella washoensis,ERR1942292.231,gi|257153093|dbj|AB519066.1|,100.00,223,0,0,1,223,251,29,1e-111,412
Bartonella washoensis,ERR1942292.232,gi|257153093|dbj|AB519066.1|,99.55,223,1,0,1,223,251,29,7e-110,407
Bartonella washoensis,ERR1942292.233,gi|257153093|dbj|AB519066.1|,100.00,217,0,0,1,217,251,35,3e-108,401
Bartonella washoensis,ERR1942292.234,gi|257153093|dbj|AB519066.1|,100.00,216,0,0,1,216,251,36,1e-107,399
Bartonella washoensis,ERR1942292.236,gi|257153093|dbj|AB519066.1|,95.18,228,11,0,1,228,251,24,5e-96,361
Bartonella washoensis,ERR1942292.237,gi|257153093|dbj|AB519066.1|,100.00,216,0,0,1,216,251,36,1e-107,399
Bartonella washoensis,ERR1942292.238,gi|257153093|dbj|AB519066.1|,99.55,224,1,0,1,224,251,28,2e-110,409
Bartonella washoensis,ERR1942292.241,gi|257153093|dbj|AB519066.1|,100.00,221,0,0,1,221,251,31,2e-110,409
Bartonella washoensis,ERR1942292.242,gi|257153093|dbj|AB519066.1|,100.00,223,0,0,1,223,251,29,1e-111,412
Bartonella washoensis,ERR1942292.243,gi|257153093|dbj|AB519066.1|,100.00,221,0,0,1,221,251,31,2e-110,409
Bartonella washoensis,ERR1942292.244,gi|257153093|dbj|AB519066.1|,100.00,223,0,0,1,223,251,29,1e-111,412
Bartonella washoensis,ERR1942292.245,gi|257153093|dbj|AB519066.1|,99.52,210,1,0,1,210,251,42,1e-102,383
Bartonella washoensis,ERR1942292.246,gi|257153093|dbj|AB519066.1|,100.00,223,0,0,1,223,251,29,1e-111,412
Bartonella washoensis,ERR1942292.248,gi|257153093|dbj|AB519066.1|,100.00,223,0,0,1,223,251,29,1e-111,412
Bartonella washoensis,ERR1942292.249,gi|257153093|dbj|AB519066.1|,100.00,210,0,0,1,210,251,42,2e-104,388
Bartonella washoensis,ERR1942292.250,gi|257153093|dbj|AB519066.1|,99.53,212,1,0,1,212,251,40,8e-104,387
Bartonella washoensis,ERR1942292.251,gi|257153093|dbj|AB519066.1|,100.00,187,0,0,1,187,251,65,1e-91,346
Bartonella washoensis,ERR1942292.252,gi|257153093|dbj|AB519066.1|,100.00,223,0,0,1,223,251,29,1e-111,412
Bartonella washoensis,ERR1942292.254,gi|257153093|dbj|AB519066.1|,100.00,223,0,0,1,223,251,29,1e-111,412
Bartonella washoensis,ERR1942292.255,gi|257153093|dbj|AB519066.1|,100.00,223,0,0,1,223,251,29,1e-111,412
Bartonella washoensis,ERR1942292.256,gi|257153093|dbj|AB519066.1|,99.47,187,1,0,1,187,251,65,6e-90,340
Bartonella washoensis,ERR1942292.257,gi|257153093|dbj|AB519066.1|,99.55,222,1,0,1,222,251,30,2e-109,405
Bartonella washoensis,ERR1942292.258,gi|257153093|dbj|AB519066.1|,100.00,212,0,0,1,212,251,40,2e-105,392
Bartonella washoensis,ERR1942292.260,gi|257153093|dbj|AB519066.1|,100.00,223,0,0,1,223,251,29,1e-111,412
Bartonella washoensis,ERR1942292.261,gi|257153093|dbj|AB519066.1|,100.00,223,0,0,1,223,251,29,1e-111,412
Bartonella washoensis,ERR1942292.262,gi|257153093|dbj|AB519066.1|,100.00,205,0,0,1,205,251,47,1e-101,379
Bartonella washoensis,ERR1942292.263,gi|257153093|dbj|AB519066.1|,100.00,221,0,0,1,221,251,31,2e-110,409
Bartonella washoensis,ERR1942292.264,gi|257153093|dbj|AB519066.1|,100.00,223,0,0,1,223,251,29,1e-111,412
Bartonella washoensis,ERR1942292.265,gi|257153093|dbj|AB519066.1|,100.00,217,0,0,1,217,251,35,3e-108,401
Bartonella washoensis,ERR1942292.266,gi|257153093|dbj|AB519066.1|,100.00,223,0,0,1,223,251,29,1e-111,412
Bartonella washoensis,ERR1942292.268,gi|257153093|dbj|AB519066.1|,100.00,217,0,0,1,217,251,35,3e-108,401
Bartonella washoensis,ERR1942292.269,gi|257153093|dbj|AB519066.1|,100.00,223,0,0,1,223,251,29,1e-111,412
Lactobacillales bacterium HY-36-1,ERR1942292.271,gi|50982924|gb|AY581272.1|,91.82,220,15,3,1,219,306,89,9e-79,303
Bartonella washoensis,ERR1942292.272,gi|257153093|dbj|AB519066.1|,100.00,221,0,0,1,221,251,31,2e-110,409
Bartonella washoensis,ERR1942292.273,gi|257153093|dbj|AB519066.1|,99.56,225,1,0,1,225,251,27,5e-111,411
Bartonella washoensis,ERR1942292.276,gi|257153093|dbj|AB519066.1|,100.00,216,0,0,1,216,251,36,1e-107,399
Bartonella washoensis,ERR1942292.277,gi|257153093|dbj|AB519066.1|,100.00,221,0,0,1,221,251,31,2e-110,409
Bartonella washoensis,ERR1942292.278,gi|257153093|dbj|AB519066.1|,100.00,223,0,0,3,225,249,27,1e-111,412
Bartonella washoensis,ERR1942292.279,gi|257153093|dbj|AB519066.1|,100.00,216,0,0,1,216,251,36,1e-107,399
Bartonella washoensis,ERR1942292.280,gi|257153093|dbj|AB519066.1|,100.00,223,0,0,1,223,251,29,1e-111,412
Bartonella washoensis,ERR1942292.281,gi|257153093|dbj|AB519066.1|,100.00,223,0,0,1,223,251,29,1e-111,412
Bartonella washoensis,ERR1942292.282,gi|257153093|dbj|AB519066.1|,100.00,223,0,0,1,223,251,29,1e-111,412
bacterium AC2028,ERR1942292.283,gi|575790535|gb|KF697799.1|,94.83,232,12,0,1,232,315,84,2e-96,363
Bartonella washoensis,ERR1942292.284,gi|257153093|dbj|AB519066.1|,100.00,223,0,0,1,223,251,29,1e-111,412
Clostridium sp. Marseille-P2776,ERR1942292.285,gi|1042915461|emb|LT598567.1|,94.23,208,8,3,1,205,345,139,4e-82,315
Bartonella washoensis,ERR1942292.286,gi|257153093|dbj|AB519066.1|,100.00,221,0,0,1,221,251,31,2e-110,409
Bartonella washoensis,ERR1942292.287,gi|257153093|dbj|AB519066.1|,100.00,223,0,0,1,223,251,29,1e-111,412
Bartonella washoensis,ERR1942292.288,gi|257153093|dbj|AB519066.1|,96.09,230,9,0,2,231,250,21,2e-100,375
Bartonella washoensis,ERR1942292.289,gi|257153093|dbj|AB519066.1|,100.00,222,0,0,1,222,251,30,5e-111,411
Bartonella washoensis,ERR1942292.291,gi|257153093|dbj|AB519066.1|,99.55,224,1,0,1,224,251,28,2e-110,409
Bartonella washoensis,ERR1942292.292,gi|257153093|dbj|AB519066.1|,100.00,220,0,0,1,220,251,32,7e-110,407
Bartonella washoensis,ERR1942292.293,gi|257153093|dbj|AB519066.1|,100.00,221,0,0,1,221,251,31,2e-110,409
Bartonella washoensis,ERR1942292.294,gi|257153093|dbj|AB519066.1|,99.55,220,1,0,1,220,251,32,3e-108,401
Bartonella washoensis,ERR1942292.295,gi|257153093|dbj|AB519066.1|,100.00,222,0,0,1,222,251,30,5e-111,411
Bartonella washoensis,ERR1942292.296,gi|257153093|dbj|AB519066.1|,99.53,215,1,0,1,215,251,37,5e-106,394
Bartonella washoensis,ERR1942292.297,gi|257153093|dbj|AB519066.1|,100.00,211,0,0,1,211,251,41,6e-105,390
Bartonella washoensis,ERR1942292.298,gi|257153093|dbj|AB519066.1|,99.55,222,1,0,1,222,251,30,2e-109,405
Bartonella washoensis,ERR1942292.299,gi|257153093|dbj|AB519066.1|,100.00,212,0,0,1,212,251,40,2e-105,392
Bartonella washoensis,ERR1942292.301,gi|257153093|dbj|AB519066.1|,100.00,221,0,0,1,221,251,31,2e-110,409
Bartonella washoensis,ERR1942292.302,gi|257153093|dbj|AB519066.1|,100.00,212,0,0,1,212,251,40,2e-105,392
Bartonella washoensis,ERR1942292.303,gi|257153093|dbj|AB519066.1|,100.00,212,0,0,1,212,251,40,2e-105,392
Bartonella washoensis,ERR1942292.304,gi|257153093|dbj|AB519066.1|,100.00,223,0,0,1,223,251,29,1e-111,412
Bartonella washoensis,ERR1942292.305,gi|257153093|dbj|AB519066.1|,100.00,222,0,0,1,222,251,30,5e-111,411
Bartonella washoensis,ERR1942292.306,gi|257153093|dbj|AB519066.1|,100.00,223,0,0,1,223,251,29,1e-111,412
Bartonella washoensis,ERR1942292.307,gi|257153093|dbj|AB519066.1|,100.00,223,0,0,1,223,251,29,1e-111,412
Bartonella washoensis,ERR1942292.308,gi|257153093|dbj|AB519066.1|,100.00,212,0,0,1,212,251,40,2e-105,392
Bartonella washoensis,ERR1942292.311,gi|257153093|dbj|AB519066.1|,99.54,216,0,1,1,215,251,36,2e-105,392
Bartonella washoensis,ERR1942292.312,gi|257153093|dbj|AB519066.1|,100.00,222,0,0,1,222,251,30,5e-111,411
Bartonella washoensis,ERR1942292.313,gi|257153093|dbj|AB519066.1|,100.00,223,0,0,1,223,251,29,1e-111,412
Bartonella washoensis,ERR1942292.314,gi|257153093|dbj|AB519066.1|,100.00,221,0,0,1,221,251,31,2e-110,409
Bartonella washoensis,ERR1942292.315,gi|257153093|dbj|AB519066.1|,98.67,225,1,1,1,225,251,29,4e-107,398
Bartonella washoensis,ERR1942292.316,gi|257153093|dbj|AB519066.1|,100.00,222,0,0,1,222,251,30,5e-111,411
Bartonella washoensis,ERR1942292.317,gi|257153093|dbj|AB519066.1|,100.00,222,0,0,1,222,251,30,5e-111,411
Bartonella washoensis,ERR1942292.318,gi|257153093|dbj|AB519066.1|,100.00,223,0,0,1,223,251,29,1e-111,412
Bartonella washoensis,ERR1942292.320,gi|257153093|dbj|AB519066.1|,100.00,221,0,0,1,221,251,31,2e-110,409
Bartonella washoensis,ERR1942292.321,gi|257153093|dbj|AB519066.1|,100.00,216,0,0,1,216,251,36,1e-107,399
Bartonella washoensis,ERR1942292.322,gi|257153093|dbj|AB519066.1|,100.00,222,0,0,1,222,251,30,5e-111,411
Bartonella washoensis,ERR1942292.323,gi|257153093|dbj|AB519066.1|,100.00,210,0,0,1,210,251,42,2e-104,388
Bartonella washoensis,ERR1942292.324,gi|257153093|dbj|AB519066.1|,99.56,225,1,0,1,225,251,27,5e-111,411
Bartonella washoensis,ERR1942292.325,gi|257153093|dbj|AB519066.1|,100.00,223,0,0,1,223,251,29,1e-111,412
Intestinimonas butyriciproducens,ERR1942292.327,gi|955689447|gb|CP011307.1|,91.54,130,9,2,1,129,631529,631401,5e-41,178
Intestinimonas butyriciproducens,ERR1942292.327,gi|955689447|gb|CP011307.1|,90.77,130,10,2,1,129,3292102,3292230,2e-39,172
Bartonella washoensis,ERR1942292.330,gi|257153093|dbj|AB519066.1|,100.00,222,0,0,1,222,251,30,5e-111,411
Bartonella washoensis,ERR1942292.331,gi|257153093|dbj|AB519066.1|,100.00,210,0,0,1,210,251,42,2e-104,388
Bartonella washoensis,ERR1942292.332,gi|257153093|dbj|AB519066.1|,99.55,222,0,1,1,221,251,30,9e-109,403
Bartonella washoensis,ERR1942292.333,gi|257153093|dbj|AB519066.1|,100.00,223,0,0,1,223,251,29,1e-111,412
Bartonella washoensis,ERR1942292.335,gi|257153093|dbj|AB519066.1|,100.00,210,0,0,1,210,251,42,2e-104,388
Bartonella washoensis,ERR1942292.337,gi|257153093|dbj|AB519066.1|,100.00,216,0,0,1,216,251,36,1e-107,399
Bartonella washoensis,ERR1942292.338,gi|257153093|dbj|AB519066.1|,100.00,223,0,0,1,223,251,29,1e-111,412
Bartonella washoensis,ERR1942292.339,gi|257153093|dbj|AB519066.1|,100.00,223,0,0,1,223,251,29,1e-111,412
Bartonella washoensis,ERR1942292.340,gi|257153093|dbj|AB519066.1|,100.00,221,0,0,1,221,251,31,2e-110,409
Bartonella washoensis,ERR1942292.341,gi|257153093|dbj|AB519066.1|,100.00,222,0,0,1,222,251,30,5e-111,411
Bartonella washoensis,ERR1942292.342,gi|257153093|dbj|AB519066.1|,100.00,210,0,0,1,210,251,42,2e-104,388
Bartonella washoensis,ERR1942292.343,gi|257153093|dbj|AB519066.1|,100.00,212,0,0,1,212,251,40,2e-105,392
Bartonella washoensis,ERR1942292.344,gi|257153093|dbj|AB519066.1|,100.00,223,0,0,1,223,251,29,1e-111,412
Bartonella washoensis,ERR1942292.345,gi|257153093|dbj|AB519066.1|,100.00,223,0,0,1,223,251,29,1e-111,412
Bartonella washoensis,ERR1942292.347,gi|257153093|dbj|AB519066.1|,99.55,224,1,0,1,224,251,28,2e-110,409
Bartonella washoensis,ERR1942292.348,gi|257153093|dbj|AB519066.1|,100.00,222,0,0,1,222,251,30,5e-111,411
Bartonella washoensis,ERR1942292.349,gi|257153093|dbj|AB519066.1|,99.53,211,1,0,1,211,251,41,3e-103,385
Bartonella washoensis,ERR1942292.351,gi|257153093|dbj|AB519066.1|,100.00,223,0,0,1,223,251,29,1e-111,412
Bartonella washoensis,ERR1942292.352,gi|257153093|dbj|AB519066.1|,100.00,223,0,0,1,223,251,29,1e-111,412
Bartonella washoensis,ERR1942292.353,gi|257153093|dbj|AB519066.1|,100.00,222,0,0,1,222,251,30,5e-111,411
Bartonella washoensis,ERR1942292.354,gi|257153093|dbj|AB519066.1|,100.00,217,0,0,1,217,251,35,3e-108,401
Bartonella washoensis,ERR1942292.355,gi|257153093|dbj|AB519066.1|,99.54,216,1,0,1,216,251,36,1e-106,396
Bartonella washoensis,ERR1942292.356,gi|257153093|dbj|AB519066.1|,99.55,223,1,0,1,223,251,29,7e-110,407
Bartonella jaculi,ERR1942292.357,gi|348604557|dbj|AB602528.1|,100.00,158,0,0,1,158,251,94,1e-75,292
Bartonella washoensis,ERR1942292.358,gi|257153093|dbj|AB519066.1|,99.52,210,0,1,1,209,251,42,4e-102,381
Clostridiales bacterium oral taxon 085,ERR1942292.359,gi|285162219|gb|GU400637.1|,88.65,185,21,0,1,185,315,131,2e-55,226
Bartonella washoensis,ERR1942292.360,gi|257153093|dbj|AB519066.1|,99.09,220,2,0,1,220,251,32,1e-106,396
Bartonella washoensis,ERR1942292.361,gi|257153093|dbj|AB519066.1|,99.55,223,0,1,1,222,251,29,2e-109,405
Bartonella washoensis,ERR1942292.362,gi|257153093|dbj|AB519066.1|,100.00,221,0,0,1,221,251,31,2e-110,409
Bartonella washoensis,ERR1942292.363,gi|257153093|dbj|AB519066.1|,100.00,223,0,0,1,223,251,29,1e-111,412
Bartonella washoensis,ERR1942292.364,gi|257153093|dbj|AB519066.1|,100.00,223,0,0,1,223,251,29,1e-111,412
Bartonella washoensis,ERR1942292.365,gi|257153093|dbj|AB519066.1|,100.00,212,0,0,1,212,251,40,2e-105,392
Bartonella jaculi,ERR1942292.366,gi|348604557|dbj|AB602528.1|,100.00,184,0,0,1,184,251,68,6e-90,340
Bartonella washoensis,ERR1942292.367,gi|257153093|dbj|AB519066.1|,100.00,222,0,0,1,222,251,30,5e-111,411
Bartonella washoensis,ERR1942292.368,gi|257153093|dbj|AB519066.1|,99.54,216,1,0,1,216,251,36,5e-106,394
Bartonella washoensis,ERR1942292.369,gi|257153093|dbj|AB519066.1|,100.00,216,0,0,1,216,251,36,1e-107,399
Bartonella washoensis,ERR1942292.370,gi|257153093|dbj|AB519066.1|,100.00,212,0,0,1,212,251,40,2e-105,392
Bartonella washoensis,ERR1942292.372,gi|257153093|dbj|AB519066.1|,100.00,223,0,0,1,223,251,29,1e-111,412
Bartonella washoensis,ERR1942292.373,gi|257153093|dbj|AB519066.1|,100.00,211,0,0,1,211,251,41,6e-105,390
Pelomonas puraquae,ERR1942292.374,gi|575426490|gb|KF817703.1|,99.53,213,0,1,1,212,277,65,8e-104,387
Bartonella washoensis,ERR1942292.375,gi|257153093|dbj|AB519066.1|,99.55,221,1,0,1,221,251,31,9e-109,403
Bartonella washoensis,ERR1942292.376,gi|257153093|dbj|AB519066.1|,93.33,210,14,0,2,211,250,41,5e-81,311
Bartonella washoensis,ERR1942292.379,gi|257153093|dbj|AB519066.1|,100.00,223,0,0,1,223,251,29,1e-111,412
Bartonella washoensis,ERR1942292.380,gi|257153093|dbj|AB519066.1|,100.00,210,0,0,1,210,251,42,2e-104,388
Bartonella washoensis,ERR1942292.383,gi|257153093|dbj|AB519066.1|,100.00,223,0,0,1,223,251,29,1e-111,412
Staphylococcus sp.,ERR1942292.385,gi|1211109683|gb|MF385267.1|,99.14,232,2,0,1,232,288,57,3e-113,418
Bartonella washoensis,ERR1942292.386,gi|257153093|dbj|AB519066.1|,99.07,216,1,1,1,215,251,36,8e-104,387
Bartonella washoensis,ERR1942292.389,gi|257153093|dbj|AB519066.1|,100.00,216,0,0,1,216,251,36,1e-107,399
Bartonella washoensis,ERR1942292.390,gi|257153093|dbj|AB519066.1|,100.00,221,0,0,1,221,251,31,2e-110,409
Bartonella washoensis,ERR1942292.392,gi|257153093|dbj|AB519066.1|,99.56,225,1,0,1,225,251,27,5e-111,411
Bartonella washoensis,ERR1942292.393,gi|257153093|dbj|AB519066.1|,100.00,222,0,0,1,222,251,30,5e-111,411
Bartonella washoensis,ERR1942292.394,gi|257153093|dbj|AB519066.1|,100.00,210,0,0,1,210,251,42,2e-104,388
Bartonella washoensis,ERR1942292.395,gi|257153093|dbj|AB519066.1|,100.00,223,0,0,1,223,251,29,1e-111,412
Bartonella washoensis,ERR1942292.396,gi|257153093|dbj|AB519066.1|,100.00,223,0,0,1,223,251,29,1e-111,412
Bartonella washoensis,ERR1942292.397,gi|257153093|dbj|AB519066.1|,100.00,223,0,0,1,223,251,29,1e-111,412
Bartonella washoensis,ERR1942292.398,gi|257153093|dbj|AB519066.1|,100.00,223,0,0,1,223,251,29,1e-111,412
Bartonella washoensis,ERR1942292.399,gi|257153093|dbj|AB519066.1|,100.00,223,0,0,1,223,251,29,1e-111,412
Bartonella washoensis,ERR1942292.400,gi|257153093|dbj|AB519066.1|,100.00,223,0,0,1,223,251,29,1e-111,412
Bartonella washoensis,ERR1942292.401,gi|257153093|dbj|AB519066.1|,99.55,223,1,0,1,223,251,29,7e-110,407
Bartonella washoensis,ERR1942292.402,gi|257153093|dbj|AB519066.1|,99.55,223,1,0,1,223,251,29,7e-110,407
Bartonella washoensis,ERR1942292.403,gi|257153093|dbj|AB519066.1|,100.00,212,0,0,1,212,251,40,2e-105,392
Bartonella washoensis,ERR1942292.404,gi|257153093|dbj|AB519066.1|,100.00,223,0,0,1,223,251,29,1e-111,412
Bartonella washoensis,ERR1942292.405,gi|257153093|dbj|AB519066.1|,100.00,223,0,0,1,223,251,29,1e-111,412
Bartonella washoensis,ERR1942292.406,gi|257153093|dbj|AB519066.1|,99.55,223,1,0,1,223,251,29,2e-110,409
Bartonella washoensis,ERR1942292.407,gi|257153093|dbj|AB519066.1|,100.00,223,0,0,1,223,251,29,1e-111,412
Bartonella washoensis,ERR1942292.408,gi|257153093|dbj|AB519066.1|,99.55,223,1,0,1,223,251,29,7e-110,407
Bartonella washoensis,ERR1942292.409,gi|257153093|dbj|AB519066.1|,100.00,223,0,0,1,223,251,29,1e-111,412
Bartonella washoensis,ERR1942292.410,gi|257153093|dbj|AB519066.1|,100.00,220,0,0,1,220,251,32,7e-110,407
Bartonella washoensis,ERR1942292.411,gi|257153093|dbj|AB519066.1|,100.00,223,0,0,1,223,251,29,1e-111,412
Bartonella washoensis,ERR1942292.412,gi|257153093|dbj|AB519066.1|,100.00,223,0,0,1,223,251,29,1e-111,412
bacterium V9D2002,ERR1942292.413,gi|575791615|gb|KF698337.1|,93.81,226,10,3,1,224,331,108,9e-89,337
Bartonella washoensis,ERR1942292.414,gi|257153093|dbj|AB519066.1|,100.00,223,0,0,1,223,251,29,1e-111,412
Bartonella washoensis,ERR1942292.415,gi|257153093|dbj|AB519066.1|,100.00,223,0,0,1,223,251,29,1e-111,412
Bartonella washoensis,ERR1942292.416,gi|257153093|dbj|AB519066.1|,100.00,223,0,0,1,223,251,29,1e-111,412
Bartonella washoensis,ERR1942292.417,gi|257153093|dbj|AB519066.1|,100.00,223,0,0,1,223,251,29,1e-111,412
Bartonella washoensis,ERR1942292.418,gi|257153093|dbj|AB519066.1|,100.00,223,0,0,1,223,251,29,1e-111,412
Bartonella washoensis,ERR1942292.419,gi|257153093|dbj|AB519066.1|,99.55,223,1,0,1,223,251,29,7e-110,407
Bartonella washoensis,ERR1942292.420,gi|257153093|dbj|AB519066.1|,100.00,223,0,0,1,223,251,29,1e-111,412
Bartonella washoensis,ERR1942292.421,gi|257153093|dbj|AB519066.1|,100.00,223,0,0,1,223,251,29,1e-111,412
Bartonella washoensis,ERR1942292.422,gi|257153093|dbj|AB519066.1|,99.56,225,1,0,1,225,251,27,5e-111,411
Bartonella washoensis,ERR1942292.423,gi|257153093|dbj|AB519066.1|,100.00,223,0,0,1,223,251,29,1e-111,412
Bartonella washoensis,ERR1942292.424,gi|257153093|dbj|AB519066.1|,99.56,225,1,0,1,225,251,27,5e-111,411
Bartonella washoensis,ERR1942292.425,gi|257153093|dbj|AB519066.1|,100.00,223,0,0,1,223,251,29,1e-111,412
Bartonella washoensis,ERR1942292.426,gi|257153093|dbj|AB519066.1|,100.00,223,0,0,1,223,251,29,1e-111,412
Bartonella washoensis,ERR1942292.427,gi|257153093|dbj|AB519066.1|,100.00,223,0,0,1,223,251,29,1e-111,412
Bartonella washoensis,ERR1942292.428,gi|257153093|dbj|AB519066.1|,100.00,223,0,0,1,223,251,29,1e-111,412
Bartonella washoensis,ERR1942292.429,gi|257153093|dbj|AB519066.1|,100.00,223,0,0,1,223,251,29,1e-111,412
Bartonella washoensis,ERR1942292.430,gi|257153093|dbj|AB519066.1|,100.00,222,0,0,1,222,251,30,5e-111,411
Bartonella washoensis,ERR1942292.431,gi|257153093|dbj|AB519066.1|,100.00,222,0,0,1,222,251,30,5e-111,411
Bartonella washoensis,ERR1942292.433,gi|257153093|dbj|AB519066.1|,100.00,223,0,0,1,223,251,29,1e-111,412
Bartonella washoensis,ERR1942292.434,gi|257153093|dbj|AB519066.1|,100.00,212,0,0,1,212,251,40,2e-105,392
Bartonella washoensis,ERR1942292.435,gi|257153093|dbj|AB519066.1|,100.00,223,0,0,1,223,251,29,1e-111,412
Bartonella washoensis,ERR1942292.436,gi|257153093|dbj|AB519066.1|,100.00,223,0,0,1,223,251,29,1e-111,412
Bartonella washoensis,ERR1942292.437,gi|257153093|dbj|AB519066.1|,100.00,223,0,0,1,223,251,29,1e-111,412
Bartonella washoensis,ERR1942292.438,gi|257153093|dbj|AB519066.1|,100.00,223,0,0,1,223,251,29,1e-111,412
Bartonella washoensis,ERR1942292.439,gi|257153093|dbj|AB519066.1|,99.55,220,1,0,1,220,251,32,3e-108,401
Bartonella washoensis,ERR1942292.440,gi|257153093|dbj|AB519066.1|,100.00,223,0,0,1,223,251,29,1e-111,412
Bartonella washoensis,ERR1942292.441,gi|257153093|dbj|AB519066.1|,100.00,223,0,0,1,223,251,29,1e-111,412
Bartonella washoensis,ERR1942292.442,gi|257153093|dbj|AB519066.1|,100.00,219,0,0,1,219,251,33,2e-109,405
Bartonella washoensis,ERR1942292.443,gi|257153093|dbj|AB519066.1|,100.00,223,0,0,1,223,251,29,1e-111,412
Bartonella washoensis,ERR1942292.444,gi|257153093|dbj|AB519066.1|,100.00,223,0,0,1,223,251,29,1e-111,412
Bartonella washoensis,ERR1942292.445,gi|257153093|dbj|AB519066.1|,100.00,223,0,0,1,223,251,29,1e-111,412
Bartonella washoensis,ERR1942292.446,gi|257153093|dbj|AB519066.1|,99.54,217,1,0,1,217,251,35,1e-106,396
Bartonella washoensis,ERR1942292.447,gi|257153093|dbj|AB519066.1|,100.00,223,0,0,1,223,251,29,1e-111,412
Bartonella washoensis,ERR1942292.448,gi|257153093|dbj|AB519066.1|,100.00,223,0,0,1,223,251,29,1e-111,412
Bartonella washoensis,ERR1942292.449,gi|257153093|dbj|AB519066.1|,99.53,211,1,0,1,211,251,41,3e-103,385
Bartonella washoensis,ERR1942292.450,gi|257153093|dbj|AB519066.1|,100.00,223,0,0,1,223,251,29,1e-111,412
Bartonella washoensis,ERR1942292.451,gi|257153093|dbj|AB519066.1|,100.00,223,0,0,1,223,251,29,1e-111,412
Bartonella washoensis,ERR1942292.452,gi|257153093|dbj|AB519066.1|,100.00,223,0,0,1,223,251,29,1e-111,412
Bartonella washoensis,ERR1942292.453,gi|257153093|dbj|AB519066.1|,100.00,223,0,0,1,223,251,29,1e-111,412
Bartonella washoensis,ERR1942292.454,gi|257153093|dbj|AB519066.1|,99.55,223,1,0,1,223,251,29,7e-110,407
Bartonella washoensis,ERR1942292.455,gi|257153093|dbj|AB519066.1|,99.55,223,0,1,1,222,251,29,2e-109,405
Bartonella washoensis,ERR1942292.456,gi|257153093|dbj|AB519066.1|,99.53,211,1,0,1,211,251,41,3e-103,385
Bartonella washoensis,ERR1942292.457,gi|257153093|dbj|AB519066.1|,100.00,223,0,0,1,223,251,29,1e-111,412
Bartonella washoensis,ERR1942292.458,gi|257153093|dbj|AB519066.1|,100.00,223,0,0,1,223,251,29,1e-111,412
Bartonella washoensis,ERR1942292.459,gi|257153093|dbj|AB519066.1|,100.00,221,0,0,1,221,251,31,2e-110,409
Bartonella washoensis,ERR1942292.460,gi|257153093|dbj|AB519066.1|,100.00,223,0,0,1,223,251,29,1e-111,412
Bartonella washoensis,ERR1942292.461,gi|257153093|dbj|AB519066.1|,100.00,223,0,0,1,223,251,29,1e-111,412
Bartonella washoensis,ERR1942292.462,gi|257153093|dbj|AB519066.1|,100.00,223,0,0,1,223,251,29,1e-111,412
Bartonella washoensis,ERR1942292.463,gi|257153093|dbj|AB519066.1|,99.56,225,1,0,1,225,251,27,5e-111,411
Bartonella washoensis,ERR1942292.464,gi|257153093|dbj|AB519066.1|,100.00,223,0,0,1,223,251,29,1e-111,412
Bartonella washoensis,ERR1942292.465,gi|257153093|dbj|AB519066.1|,100.00,211,0,0,1,211,251,41,6e-105,390
Bartonella washoensis,ERR1942292.466,gi|257153093|dbj|AB519066.1|,100.00,222,0,0,1,222,251,30,5e-111,411
Bartonella washoensis,ERR1942292.467,gi|257153093|dbj|AB519066.1|,100.00,223,0,0,1,223,251,29,1e-111,412
Bartonella washoensis,ERR1942292.468,gi|257153093|dbj|AB519066.1|,100.00,216,0,0,1,216,251,36,1e-107,399
Bartonella washoensis,ERR1942292.469,gi|257153093|dbj|AB519066.1|,100.00,218,0,0,1,218,251,34,8e-109,403
Bartonella washoensis,ERR1942292.470,gi|257153093|dbj|AB519066.1|,100.00,222,0,0,1,222,251,30,5e-111,411
Bartonella washoensis,ERR1942292.471,gi|257153093|dbj|AB519066.1|,100.00,223,0,0,1,223,251,29,1e-111,412
Bartonella washoensis,ERR1942292.472,gi|257153093|dbj|AB519066.1|,100.00,217,0,0,1,217,251,35,3e-108,401
Bartonella washoensis,ERR1942292.473,gi|257153093|dbj|AB519066.1|,100.00,223,0,0,1,223,251,29,1e-111,412
Bartonella washoensis,ERR1942292.474,gi|257153093|dbj|AB519066.1|,100.00,216,0,0,1,216,251,36,1e-107,399
Bartonella washoensis,ERR1942292.475,gi|257153093|dbj|AB519066.1|,100.00,223,0,0,1,223,251,29,1e-111,412
Bartonella washoensis,ERR1942292.477,gi|257153093|dbj|AB519066.1|,100.00,211,0,0,1,211,251,41,6e-105,390
Bartonella washoensis,ERR1942292.478,gi|257153093|dbj|AB519066.1|,99.55,220,1,0,1,220,251,32,3e-108,401
Bartonella washoensis,ERR1942292.479,gi|257153093|dbj|AB519066.1|,100.00,223,0,0,1,223,251,29,1e-111,412
Bartonella washoensis,ERR1942292.480,gi|257153093|dbj|AB519066.1|,95.20,229,11,0,1,229,251,23,2e-96,363
Bartonella washoensis,ERR1942292.481,gi|257153093|dbj|AB519066.1|,99.53,211,1,0,1,211,251,41,3e-103,385
Bartonella washoensis,ERR1942292.482,gi|257153093|dbj|AB519066.1|,99.55,224,1,0,1,224,251,28,2e-110,409
Bartonella washoensis,ERR1942292.483,gi|257153093|dbj|AB519066.1|,99.55,223,1,0,1,223,251,29,7e-110,407
Bartonella washoensis,ERR1942292.484,gi|257153093|dbj|AB519066.1|,100.00,223,0,0,1,223,251,29,1e-111,412
Bartonella washoensis,ERR1942292.485,gi|257153093|dbj|AB519066.1|,100.00,223,0,0,1,223,251,29,1e-111,412
Bartonella washoensis,ERR1942292.486,gi|257153093|dbj|AB519066.1|,100.00,223,0,0,1,223,251,29,1e-111,412
Bartonella washoensis,ERR1942292.487,gi|257153093|dbj|AB519066.1|,100.00,223,0,0,1,223,251,29,1e-111,412
Bartonella washoensis,ERR1942292.488,gi|257153093|dbj|AB519066.1|,100.00,216,0,0,1,216,251,36,1e-107,399
Bartonella washoensis,ERR1942292.489,gi|257153093|dbj|AB519066.1|,100.00,223,0,0,1,223,251,29,1e-111,412
Bartonella washoensis,ERR1942292.490,gi|257153093|dbj|AB519066.1|,99.55,223,1,0,1,223,251,29,7e-110,407
Bartonella washoensis,ERR1942292.491,gi|257153093|dbj|AB519066.1|,99.55,223,1,0,1,223,251,29,7e-110,407
Bartonella washoensis,ERR1942292.492,gi|257153093|dbj|AB519066.1|,100.00,223,0,0,1,223,251,29,1e-111,412
Bartonella washoensis,ERR1942292.493,gi|257153093|dbj|AB519066.1|,100.00,223,0,0,1,223,251,29,1e-111,412
Bartonella washoensis,ERR1942292.494,gi|257153093|dbj|AB519066.1|,99.56,225,1,0,1,225,251,27,5e-111,411
Bartonella washoensis,ERR1942292.495,gi|257153093|dbj|AB519066.1|,100.00,223,0,0,1,223,251,29,1e-111,412
Bartonella washoensis,ERR1942292.497,gi|257153093|dbj|AB519066.1|,100.00,223,0,0,1,223,251,29,1e-111,412
Bartonella washoensis,ERR1942292.498,gi|257153093|dbj|AB519066.1|,99.55,223,0,1,1,222,251,29,2e-109,405
Bartonella washoensis,ERR1942292.499,gi|257153093|dbj|AB519066.1|,100.00,212,0,0,1,212,251,40,2e-105,392
Bartonella washoensis,ERR1942292.500,gi|257153093|dbj|AB519066.1|,100.00,214,0,0,1,214,251,38,1e-106,396
Bartonella washoensis,ERR1942292.501,gi|257153093|dbj|AB519066.1|,100.00,216,0,0,1,216,251,36,1e-107,399
Bartonella washoensis,ERR1942292.502,gi|257153093|dbj|AB519066.1|,100.00,223,0,0,1,223,251,29,1e-111,412
Bartonella washoensis,ERR1942292.503,gi|257153093|dbj|AB519066.1|,99.11,225,2,0,1,225,251,27,2e-109,405
Bartonella washoensis,ERR1942292.504,gi|257153093|dbj|AB519066.1|,100.00,216,0,0,1,216,251,36,1e-107,399
Bartonella washoensis,ERR1942292.505,gi|257153093|dbj|AB519066.1|,100.00,223,0,0,1,223,251,29,1e-111,412
Bartonella washoensis,ERR1942292.506,gi|257153093|dbj|AB519066.1|,99.55,222,0,1,1,221,251,30,9e-109,403
Bartonella washoensis,ERR1942292.507,gi|257153093|dbj|AB519066.1|,100.00,223,0,0,1,223,251,29,1e-111,412
Bartonella washoensis,ERR1942292.508,gi|257153093|dbj|AB519066.1|,100.00,223,0,0,1,223,251,29,1e-111,412
Bartonella washoensis,ERR1942292.509,gi|257153093|dbj|AB519066.1|,100.00,223,0,0,1,223,251,29,1e-111,412
Bartonella washoensis,ERR1942292.510,gi|257153093|dbj|AB519066.1|,99.55,223,1,0,1,223,251,29,7e-110,407
Bartonella washoensis,ERR1942292.511,gi|257153093|dbj|AB519066.1|,99.55,223,1,0,1,223,251,29,7e-110,407
Bartonella washoensis,ERR1942292.512,gi|257153093|dbj|AB519066.1|,100.00,223,0,0,1,223,251,29,1e-111,412
Bartonella washoensis,ERR1942292.513,gi|257153093|dbj|AB519066.1|,100.00,223,0,0,1,223,251,29,1e-111,412
Bartonella washoensis,ERR1942292.514,gi|257153093|dbj|AB519066.1|,100.00,223,0,0,1,223,251,29,1e-111,412
Bartonella washoensis,ERR1942292.515,gi|257153093|dbj|AB519066.1|,100.00,212,0,0,1,212,251,40,2e-105,392
Bartonella washoensis,ERR1942292.516,gi|257153093|dbj|AB519066.1|,100.00,223,0,0,1,223,251,29,1e-111,412
Bartonella washoensis,ERR1942292.517,gi|257153093|dbj|AB519066.1|,100.00,223,0,0,1,223,251,29,1e-111,412
Bartonella washoensis,ERR1942292.518,gi|257153093|dbj|AB519066.1|,100.00,223,0,0,1,223,251,29,1e-111,412
bacterium NLAE-zl-G1,ERR1942292.519,gi|387862822|gb|JX048067.1|,94.92,236,11,1,1,236,239,5,3e-98,368
Bartonella washoensis,ERR1942292.520,gi|257153093|dbj|AB519066.1|,100.00,223,0,0,1,223,251,29,1e-111,412
Bartonella washoensis,ERR1942292.521,gi|257153093|dbj|AB519066.1|,100.00,223,0,0,1,223,251,29,1e-111,412
Bartonella washoensis,ERR1942292.522,gi|257153093|dbj|AB519066.1|,100.00,223,0,0,1,223,251,29,1e-111,412
Bartonella washoensis,ERR1942292.523,gi|257153093|dbj|AB519066.1|,100.00,223,0,0,1,223,251,29,1e-111,412
Bartonella washoensis,ERR1942292.524,gi|257153093|dbj|AB519066.1|,99.53,212,1,0,1,212,251,40,8e-104,387
Bartonella washoensis,ERR1942292.525,gi|257153093|dbj|AB519066.1|,100.00,223,0,0,1,223,251,29,1e-111,412
Bartonella washoensis,ERR1942292.526,gi|257153093|dbj|AB519066.1|,99.55,223,0,1,1,222,251,29,2e-109,405
Bartonella washoensis,ERR1942292.527,gi|257153093|dbj|AB519066.1|,100.00,211,0,0,1,211,251,41,6e-105,390
Bartonella washoensis,ERR1942292.528,gi|257153093|dbj|AB519066.1|,100.00,223,0,0,1,223,251,29,1e-111,412
Bartonella washoensis,ERR1942292.529,gi|257153093|dbj|AB519066.1|,100.00,216,0,0,1,216,251,36,1e-107,399
Bartonella washoensis,ERR1942292.530,gi|257153093|dbj|AB519066.1|,100.00,223,0,0,1,223,251,29,1e-111,412
Bartonella washoensis,ERR1942292.531,gi|257153093|dbj|AB519066.1|,100.00,223,0,0,1,223,251,29,1e-111,412
Bartonella washoensis,ERR1942292.532,gi|257153093|dbj|AB519066.1|,100.00,222,0,0,1,222,251,30,5e-111,411
Bartonella washoensis,ERR1942292.533,gi|257153093|dbj|AB519066.1|,100.00,217,0,0,1,217,251,35,3e-108,401
Bartonella washoensis,ERR1942292.534,gi|257153093|dbj|AB519066.1|,100.00,216,0,0,1,216,251,36,1e-107,399
Bartonella washoensis,ERR1942292.535,gi|257153093|dbj|AB519066.1|,100.00,225,0,0,1,225,251,27,1e-112,416
Bartonella washoensis,ERR1942292.536,gi|257153093|dbj|AB519066.1|,100.00,223,0,0,1,223,251,29,1e-111,412
Bartonella washoensis,ERR1942292.537,gi|257153093|dbj|AB519066.1|,100.00,222,0,0,1,222,251,30,5e-111,411
Bartonella washoensis,ERR1942292.538,gi|257153093|dbj|AB519066.1|,100.00,223,0,0,1,223,251,29,1e-111,412
Bartonella washoensis,ERR1942292.539,gi|257153093|dbj|AB519066.1|,100.00,223,0,0,1,223,251,29,1e-111,412
Bartonella washoensis,ERR1942292.540,gi|257153093|dbj|AB519066.1|,100.00,223,0,0,1,223,251,29,1e-111,412
Bartonella washoensis,ERR1942292.541,gi|257153093|dbj|AB519066.1|,100.00,216,0,0,1,216,251,36,1e-107,399
Bartonella washoensis,ERR1942292.542,gi|257153093|dbj|AB519066.1|,99.05,211,2,0,1,211,251,41,1e-101,379
Eggerthellaceae bacterium Marseille-P2849,ERR1942292.543,gi|1116030293|ref|NR_144751.1|,87.97,241,27,2,1,240,327,88,1e-72,283
Bartonella washoensis,ERR1942292.544,gi|257153093|dbj|AB519066.1|,100.00,223,0,0,1,223,251,29,1e-111,412
Bartonella washoensis,ERR1942292.545,gi|257153093|dbj|AB519066.1|,100.00,223,0,0,1,223,251,29,1e-111,412
Bartonella washoensis,ERR1942292.546,gi|257153093|dbj|AB519066.1|,100.00,221,0,0,1,221,251,31,2e-110,409
Bartonella washoensis,ERR1942292.547,gi|257153093|dbj|AB519066.1|,99.55,220,1,0,1,220,251,32,3e-108,401
Bartonella washoensis,ERR1942292.548,gi|257153093|dbj|AB519066.1|,100.00,216,0,0,1,216,251,36,1e-107,399
Bartonella washoensis,ERR1942292.549,gi|257153093|dbj|AB519066.1|,100.00,211,0,0,1,211,251,41,6e-105,390
Bartonella washoensis,ERR1942292.550,gi|257153093|dbj|AB519066.1|,100.00,210,0,0,1,210,251,42,2e-104,388
Bartonella washoensis,ERR1942292.551,gi|257153093|dbj|AB519066.1|,100.00,223,0,0,1,223,251,29,1e-111,412
Bartonella washoensis,ERR1942292.552,gi|257153093|dbj|AB519066.1|,100.00,223,0,0,1,223,251,29,1e-111,412
Bartonella washoensis,ERR1942292.553,gi|257153093|dbj|AB519066.1|,100.00,223,0,0,1,223,251,29,1e-111,412
Bartonella washoensis,ERR1942292.554,gi|257153093|dbj|AB519066.1|,100.00,223,0,0,1,223,251,29,1e-111,412
Bartonella washoensis,ERR1942292.555,gi|257153093|dbj|AB519066.1|,100.00,223,0,0,1,223,251,29,1e-111,412
Bartonella washoensis,ERR1942292.556,gi|257153093|dbj|AB519066.1|,100.00,223,0,0,1,223,251,29,1e-111,412
Bartonella washoensis,ERR1942292.558,gi|257153093|dbj|AB519066.1|,100.00,211,0,0,1,211,251,41,6e-105,390
Bartonella washoensis,ERR1942292.559,gi|257153093|dbj|AB519066.1|,99.54,216,1,0,1,216,251,36,5e-106,394
Bartonella washoensis,ERR1942292.560,gi|257153093|dbj|AB519066.1|,100.00,221,0,0,1,221,251,31,2e-110,409
Bartonella washoensis,ERR1942292.561,gi|257153093|dbj|AB519066.1|,100.00,216,0,0,1,216,251,36,1e-107,399
Bartonella washoensis,ERR1942292.562,gi|257153093|dbj|AB519066.1|,100.00,223,0,0,1,223,251,29,1e-111,412
Bartonella washoensis,ERR1942292.563,gi|257153093|dbj|AB519066.1|,99.55,220,1,0,1,220,251,32,3e-108,401
Bartonella washoensis,ERR1942292.565,gi|257153093|dbj|AB519066.1|,100.00,222,0,0,1,222,251,30,5e-111,411
Bartonella washoensis,ERR1942292.566,gi|257153093|dbj|AB519066.1|,100.00,223,0,0,1,223,251,29,1e-111,412
Bartonella washoensis,ERR1942292.567,gi|257153093|dbj|AB519066.1|,100.00,223,0,0,1,223,251,29,1e-111,412
Bartonella washoensis,ERR1942292.568,gi|257153093|dbj|AB519066.1|,100.00,216,0,0,1,216,251,36,1e-107,399
Bartonella washoensis,ERR1942292.569,gi|257153093|dbj|AB519066.1|,100.00,221,0,0,1,221,251,31,2e-110,409
Bartonella washoensis,ERR1942292.570,gi|257153093|dbj|AB519066.1|,100.00,223,0,0,1,223,251,29,1e-111,412
Bartonella washoensis,ERR1942292.572,gi|257153093|dbj|AB519066.1|,99.55,222,0,1,1,221,251,30,9e-109,403
Bartonella washoensis,ERR1942292.573,gi|257153093|dbj|AB519066.1|,100.00,223,0,0,1,223,251,29,1e-111,412
Bartonella washoensis,ERR1942292.574,gi|257153093|dbj|AB519066.1|,100.00,211,0,0,1,211,251,41,6e-105,390
Bartonella washoensis,ERR1942292.575,gi|257153093|dbj|AB519066.1|,99.55,223,1,0,1,223,251,29,7e-110,407
Bartonella washoensis,ERR1942292.576,gi|257153093|dbj|AB519066.1|,100.00,223,0,0,1,223,251,29,1e-111,412
Bartonella washoensis,ERR1942292.578,gi|257153093|dbj|AB519066.1|,100.00,223,0,0,1,223,251,29,1e-111,412
Bartonella washoensis,ERR1942292.579,gi|257153093|dbj|AB519066.1|,100.00,216,0,0,1,216,251,36,1e-107,399
Bartonella washoensis,ERR1942292.580,gi|257153093|dbj|AB519066.1|,100.00,222,0,0,1,222,251,30,5e-111,411
Bartonella washoensis,ERR1942292.581,gi|257153093|dbj|AB519066.1|,100.00,223,0,0,1,223,251,29,1e-111,412
Bartonella washoensis,ERR1942292.582,gi|257153093|dbj|AB519066.1|,100.00,223,0,0,1,223,251,29,1e-111,412
Bartonella washoensis,ERR1942292.583,gi|257153093|dbj|AB519066.1|,100.00,222,0,0,1,222,251,30,5e-111,411
Bartonella washoensis,ERR1942292.584,gi|257153093|dbj|AB519066.1|,100.00,218,0,0,1,218,251,34,8e-109,403
Bartonella washoensis,ERR1942292.585,gi|257153093|dbj|AB519066.1|,100.00,216,0,0,1,216,251,36,1e-107,399
Bartonella washoensis,ERR1942292.586,gi|257153093|dbj|AB519066.1|,100.00,223,0,0,1,223,251,29,1e-111,412
Bartonella washoensis,ERR1942292.587,gi|257153093|dbj|AB519066.1|,100.00,222,0,0,1,222,251,30,5e-111,411
Bartonella washoensis,ERR1942292.588,gi|257153093|dbj|AB519066.1|,100.00,223,0,0,1,223,251,29,1e-111,412
Bartonella washoensis,ERR1942292.589,gi|257153093|dbj|AB519066.1|,100.00,223,0,0,1,223,251,29,1e-111,412
Bartonella washoensis,ERR1942292.590,gi|257153093|dbj|AB519066.1|,100.00,222,0,0,1,222,251,30,5e-111,411
Bartonella washoensis,ERR1942292.591,gi|257153093|dbj|AB519066.1|,100.00,222,0,0,1,222,251,30,5e-111,411
Bartonella washoensis,ERR1942292.592,gi|257153093|dbj|AB519066.1|,100.00,211,0,0,1,211,251,41,6e-105,390
Bartonella washoensis,ERR1942292.594,gi|257153093|dbj|AB519066.1|,99.56,225,1,0,1,225,251,27,5e-111,411
Bartonella washoensis,ERR1942292.596,gi|257153093|dbj|AB519066.1|,100.00,223,0,0,1,223,251,29,1e-111,412
Bartonella washoensis,ERR1942292.597,gi|257153093|dbj|AB519066.1|,100.00,212,0,0,1,212,251,40,2e-105,392
Bartonella washoensis,ERR1942292.598,gi|257153093|dbj|AB519066.1|,99.54,216,0,1,1,215,251,36,2e-105,392
Bartonella washoensis,ERR1942292.599,gi|257153093|dbj|AB519066.1|,100.00,223,0,0,1,223,251,29,1e-111,412
Bartonella washoensis,ERR1942292.600,gi|257153093|dbj|AB519066.1|,100.00,223,0,0,1,223,251,29,1e-111,412
Bartonella washoensis,ERR1942292.601,gi|257153093|dbj|AB519066.1|,100.00,223,0,0,1,223,251,29,1e-111,412
Clostridium sp. Marseille-P2776,ERR1942292.602,gi|1042915461|emb|LT598567.1|,94.71,208,8,2,1,206,345,139,8e-84,320
Bartonella washoensis,ERR1942292.603,gi|257153093|dbj|AB519066.1|,100.00,222,0,0,1,222,251,30,5e-111,411
Bartonella washoensis,ERR1942292.604,gi|257153093|dbj|AB519066.1|,100.00,223,0,0,1,223,251,29,1e-111,412
Bartonella washoensis,ERR1942292.605,gi|257153093|dbj|AB519066.1|,100.00,218,0,0,1,218,251,34,8e-109,403
Bartonella washoensis,ERR1942292.606,gi|257153093|dbj|AB519066.1|,100.00,223,0,0,1,223,251,29,1e-111,412
Bartonella washoensis,ERR1942292.607,gi|257153093|dbj|AB519066.1|,99.06,212,0,2,1,210,251,40,1e-101,379
Bartonella washoensis,ERR1942292.608,gi|257153093|dbj|AB519066.1|,99.55,220,1,0,1,220,251,32,8e-109,403
Bartonella washoensis,ERR1942292.609,gi|257153093|dbj|AB519066.1|,100.00,216,0,0,1,216,251,36,1e-107,399
Bartonella washoensis,ERR1942292.610,gi|257153093|dbj|AB519066.1|,99.53,211,1,0,1,211,251,41,3e-103,385
Bartonella washoensis,ERR1942292.611,gi|257153093|dbj|AB519066.1|,100.00,223,0,0,1,223,251,29,1e-111,412
Bartonella washoensis,ERR1942292.612,gi|257153093|dbj|AB519066.1|,100.00,221,0,0,1,221,251,31,2e-110,409
Bartonella washoensis,ERR1942292.613,gi|257153093|dbj|AB519066.1|,100.00,221,0,0,1,221,251,31,2e-110,409
Bartonella washoensis,ERR1942292.614,gi|257153093|dbj|AB519066.1|,100.00,223,0,0,1,223,251,29,1e-111,412
Bartonella washoensis,ERR1942292.615,gi|257153093|dbj|AB519066.1|,100.00,216,0,0,1,216,251,36,1e-107,399
Clostridiales bacterium 30-4c,ERR1942292.616,gi|312064780|gb|HQ452853.1|,98.96,193,2,0,1,193,330,138,1e-91,346
Bartonella washoensis,ERR1942292.617,gi|257153093|dbj|AB519066.1|,100.00,223,0,0,1,223,251,29,1e-111,412
Bartonella washoensis,ERR1942292.618,gi|257153093|dbj|AB519066.1|,99.55,221,1,0,1,221,251,31,9e-109,403
Bartonella washoensis,ERR1942292.619,gi|257153093|dbj|AB519066.1|,100.00,222,0,0,1,222,251,30,5e-111,411
Bartonella washoensis,ERR1942292.620,gi|257153093|dbj|AB519066.1|,100.00,212,0,0,1,212,251,40,2e-105,392
Bartonella washoensis,ERR1942292.621,gi|257153093|dbj|AB519066.1|,100.00,211,0,0,1,211,251,41,6e-105,390
Bartonella washoensis,ERR1942292.622,gi|257153093|dbj|AB519066.1|,100.00,223,0,0,1,223,251,29,1e-111,412
Bartonella washoensis,ERR1942292.623,gi|257153093|dbj|AB519066.1|,100.00,223,0,0,1,223,251,29,1e-111,412
Bartonella washoensis,ERR1942292.624,gi|257153093|dbj|AB519066.1|,100.00,223,0,0,1,223,251,29,1e-111,412
Bartonella washoensis,ERR1942292.625,gi|257153093|dbj|AB519066.1|,100.00,212,0,0,1,212,251,40,2e-105,392
Bartonella washoensis,ERR1942292.626,gi|257153093|dbj|AB519066.1|,99.07,216,1,1,1,215,251,36,8e-104,387
Bartonella washoensis,ERR1942292.628,gi|257153093|dbj|AB519066.1|,100.00,216,0,0,1,216,251,36,1e-107,399
Bartonella washoensis,ERR1942292.629,gi|257153093|dbj|AB519066.1|,99.55,223,1,0,1,223,251,29,7e-110,407
Bartonella washoensis,ERR1942292.630,gi|257153093|dbj|AB519066.1|,99.55,224,1,0,1,224,251,28,2e-110,409
Bartonella washoensis,ERR1942292.631,gi|257153093|dbj|AB519066.1|,100.00,212,0,0,1,212,251,40,2e-105,392
Bartonella washoensis,ERR1942292.632,gi|257153093|dbj|AB519066.1|,100.00,223,0,0,1,223,251,29,1e-111,412
Bartonella washoensis,ERR1942292.633,gi|257153093|dbj|AB519066.1|,100.00,222,0,0,1,222,251,30,5e-111,411
Bartonella washoensis,ERR1942292.634,gi|257153093|dbj|AB519066.1|,100.00,212,0,0,1,212,251,40,2e-105,392
Bartonella washoensis,ERR1942292.635,gi|257153093|dbj|AB519066.1|,99.54,219,1,0,1,219,251,33,1e-107,399
Bartonella washoensis,ERR1942292.636,gi|257153093|dbj|AB519066.1|,100.00,210,0,0,1,210,251,42,2e-104,388
Bartonella washoensis,ERR1942292.637,gi|257153093|dbj|AB519066.1|,99.56,225,1,0,1,225,251,27,5e-111,411
Bartonella washoensis,ERR1942292.638,gi|257153093|dbj|AB519066.1|,100.00,222,0,0,1,222,251,30,5e-111,411
Bartonella washoensis,ERR1942292.639,gi|257153093|dbj|AB519066.1|,100.00,222,0,0,1,222,251,30,5e-111,411
Bartonella washoensis,ERR1942292.640,gi|257153093|dbj|AB519066.1|,99.52,210,1,0,1,210,251,42,1e-102,383
Bartonella washoensis,ERR1942292.641,gi|257153093|dbj|AB519066.1|,100.00,223,0,0,1,223,251,29,1e-111,412
Bartonella washoensis,ERR1942292.642,gi|257153093|dbj|AB519066.1|,100.00,223,0,0,1,223,251,29,1e-111,412
Bartonella washoensis,ERR1942292.643,gi|257153093|dbj|AB519066.1|,100.00,222,0,0,1,222,251,30,5e-111,411
Bartonella washoensis,ERR1942292.644,gi|257153093|dbj|AB519066.1|,99.55,223,1,0,1,223,251,29,7e-110,407
Bartonella washoensis,ERR1942292.645,gi|257153093|dbj|AB519066.1|,100.00,222,0,0,1,222,251,30,5e-111,411
Clostridium clostridioforme,ERR1942292.646,gi|28628153|gb|AY169422.1|,91.90,210,15,2,2,210,343,135,2e-75,292
Bartonella washoensis,ERR1942292.648,gi|257153093|dbj|AB519066.1|,100.00,222,0,0,1,222,251,30,5e-111,411
Bartonella washoensis,ERR1942292.649,gi|257153093|dbj|AB519066.1|,100.00,223,0,0,1,223,251,29,1e-111,412
Bartonella washoensis,ERR1942292.651,gi|257153093|dbj|AB519066.1|,100.00,223,0,0,1,223,251,29,1e-111,412
bacterium XPB1014,ERR1942292.652,gi|575791894|gb|KF698476.1|,90.00,220,20,2,1,219,331,113,1e-72,283
Bartonella washoensis,ERR1942292.653,gi|257153093|dbj|AB519066.1|,100.00,222,0,0,1,222,251,30,5e-111,411
Bartonella washoensis,ERR1942292.654,gi|257153093|dbj|AB519066.1|,100.00,223,0,0,1,223,251,29,1e-111,412
Bartonella washoensis,ERR1942292.655,gi|257153093|dbj|AB519066.1|,100.00,222,0,0,1,222,251,30,5e-111,411
Bartonella washoensis,ERR1942292.656,gi|257153093|dbj|AB519066.1|,100.00,223,0,0,1,223,251,29,1e-111,412
Solemya pervernicosa gill symbiont,ERR1942292.657,gi|262205100|dbj|AB499617.1|,86.16,159,18,3,1,158,296,141,3e-38,169
Bartonella washoensis,ERR1942292.658,gi|257153093|dbj|AB519066.1|,99.55,223,1,0,1,223,251,29,7e-110,407
Bartonella washoensis,ERR1942292.659,gi|257153093|dbj|AB519066.1|,100.00,223,0,0,1,223,251,29,1e-111,412
Bartonella washoensis,ERR1942292.660,gi|257153093|dbj|AB519066.1|,100.00,223,0,0,1,223,251,29,1e-111,412
Bartonella washoensis,ERR1942292.661,gi|257153093|dbj|AB519066.1|,100.00,212,0,0,1,212,251,40,2e-105,392
Bartonella washoensis,ERR1942292.662,gi|257153093|dbj|AB519066.1|,100.00,211,0,0,1,211,251,41,6e-105,390
Bartonella washoensis,ERR1942292.663,gi|257153093|dbj|AB519066.1|,99.56,225,1,0,1,225,251,27,5e-111,411
Bartonella washoensis,ERR1942292.664,gi|257153093|dbj|AB519066.1|,100.00,223,0,0,1,223,251,29,1e-111,412
Bartonella washoensis,ERR1942292.665,gi|257153093|dbj|AB519066.1|,100.00,216,0,0,1,216,251,36,1e-107,399
Bartonella washoensis,ERR1942292.666,gi|257153093|dbj|AB519066.1|,100.00,223,0,0,1,223,251,29,1e-111,412
bacterium NLAE-zl-G12,ERR1942292.667,gi|387862892|gb|JX048137.1|,93.30,224,15,0,2,225,293,70,4e-87,331
Bartonella washoensis,ERR1942292.668,gi|257153093|dbj|AB519066.1|,100.00,223,0,0,1,223,251,29,1e-111,412
Bartonella washoensis,ERR1942292.669,gi|257153093|dbj|AB519066.1|,100.00,187,0,0,1,187,251,65,1e-91,346
Bartonella washoensis,ERR1942292.670,gi|257153093|dbj|AB519066.1|,100.00,216,0,0,1,216,251,36,1e-107,399
Bartonella washoensis,ERR1942292.671,gi|257153093|dbj|AB519066.1|,100.00,212,0,0,1,212,251,40,2e-105,392
Bartonella washoensis,ERR1942292.672,gi|257153093|dbj|AB519066.1|,100.00,210,0,0,1,210,251,42,2e-104,388
Bartonella washoensis,ERR1942292.673,gi|257153093|dbj|AB519066.1|,100.00,223,0,0,1,223,251,29,1e-111,412
Bartonella washoensis,ERR1942292.675,gi|257153093|dbj|AB519066.1|,100.00,223,0,0,1,223,251,29,1e-111,412
Bartonella washoensis,ERR1942292.676,gi|257153093|dbj|AB519066.1|,100.00,222,0,0,1,222,251,30,5e-111,411
Bartonella washoensis,ERR1942292.677,gi|257153093|dbj|AB519066.1|,99.56,225,1,0,1,225,251,27,5e-111,411
Bartonella washoensis,ERR1942292.679,gi|257153093|dbj|AB519066.1|,100.00,210,0,0,1,210,251,42,2e-104,388
Bartonella washoensis,ERR1942292.680,gi|257153093|dbj|AB519066.1|,100.00,223,0,0,1,223,251,29,1e-111,412
Bartonella washoensis,ERR1942292.681,gi|257153093|dbj|AB519066.1|,100.00,223,0,0,1,223,251,29,1e-111,412
Bartonella washoensis,ERR1942292.682,gi|257153093|dbj|AB519066.1|,100.00,216,0,0,1,216,251,36,1e-107,399
Bartonella washoensis,ERR1942292.683,gi|257153093|dbj|AB519066.1|,100.00,223,0,0,1,223,251,29,1e-111,412
Bartonella washoensis,ERR1942292.684,gi|257153093|dbj|AB519066.1|,100.00,223,0,0,1,223,251,29,1e-111,412
Bartonella washoensis,ERR1942292.685,gi|257153093|dbj|AB519066.1|,100.00,211,0,0,1,211,251,41,6e-105,390
Bartonella washoensis,ERR1942292.686,gi|257153093|dbj|AB519066.1|,99.52,210,1,0,1,210,251,42,1e-102,383
Bartonella washoensis,ERR1942292.687,gi|257153093|dbj|AB519066.1|,100.00,221,0,0,1,221,251,31,2e-110,409
Bartonella washoensis,ERR1942292.688,gi|257153093|dbj|AB519066.1|,100.00,212,0,0,1,212,251,40,2e-105,392
Bartonella washoensis,ERR1942292.689,gi|257153093|dbj|AB519066.1|,100.00,210,0,0,1,210,251,42,2e-104,388
Bartonella jaculi,ERR1942292.690,gi|348604557|dbj|AB602528.1|,100.00,158,0,0,1,158,251,94,1e-75,292
Bartonella washoensis,ERR1942292.691,gi|257153093|dbj|AB519066.1|,100.00,216,0,0,1,216,251,36,1e-107,399
Bartonella washoensis,ERR1942292.692,gi|257153093|dbj|AB519066.1|,100.00,216,0,0,1,216,251,36,1e-107,399
Bartonella washoensis,ERR1942292.693,gi|257153093|dbj|AB519066.1|,100.00,223,0,0,1,223,251,29,1e-111,412
Bartonella washoensis,ERR1942292.694,gi|257153093|dbj|AB519066.1|,96.88,224,7,0,1,224,251,28,2e-100,375
Bartonella washoensis,ERR1942292.695,gi|257153093|dbj|AB519066.1|,100.00,211,0,0,1,211,251,41,6e-105,390
Bartonella washoensis,ERR1942292.696,gi|257153093|dbj|AB519066.1|,99.56,225,1,0,1,225,251,27,5e-111,411
Bartonella washoensis,ERR1942292.697,gi|257153093|dbj|AB519066.1|,100.00,210,0,0,1,210,251,42,2e-104,388
Bartonella washoensis,ERR1942292.698,gi|257153093|dbj|AB519066.1|,100.00,210,0,0,1,210,251,42,2e-104,388
Bartonella washoensis,ERR1942292.699,gi|257153093|dbj|AB519066.1|,100.00,221,0,0,1,221,251,31,2e-110,409
Bartonella washoensis,ERR1942292.700,gi|257153093|dbj|AB519066.1|,100.00,222,0,0,1,222,251,30,5e-111,411
Bartonella washoensis,ERR1942292.701,gi|257153093|dbj|AB519066.1|,100.00,221,0,0,1,221,251,31,2e-110,409
Bartonella washoensis,ERR1942292.702,gi|257153093|dbj|AB519066.1|,100.00,223,0,0,1,223,251,29,1e-111,412
Bartonella washoensis,ERR1942292.703,gi|257153093|dbj|AB519066.1|,100.00,212,0,0,1,212,251,40,2e-105,392
Bartonella washoensis,ERR1942292.704,gi|257153093|dbj|AB519066.1|,100.00,210,0,0,1,210,251,42,2e-104,388
Bartonella washoensis,ERR1942292.705,gi|257153093|dbj|AB519066.1|,100.00,223,0,0,1,223,251,29,1e-111,412
Bartonella washoensis,ERR1942292.706,gi|257153093|dbj|AB519066.1|,100.00,201,0,0,1,201,251,51,2e-99,372
Bartonella washoensis,ERR1942292.707,gi|257153093|dbj|AB519066.1|,100.00,223,0,0,1,223,251,29,1e-111,412
Bartonella washoensis,ERR1942292.708,gi|257153093|dbj|AB519066.1|,99.55,224,1,0,1,224,251,28,2e-110,409
Bartonella washoensis,ERR1942292.709,gi|257153093|dbj|AB519066.1|,99.54,216,1,0,1,216,251,36,5e-106,394
Bartonella washoensis,ERR1942292.712,gi|257153093|dbj|AB519066.1|,100.00,187,0,0,1,187,251,65,1e-91,346
Bartonella washoensis,ERR1942292.714,gi|257153093|dbj|AB519066.1|,100.00,222,0,0,1,222,251,30,5e-111,411
Bartonella washoensis,ERR1942292.717,gi|257153093|dbj|AB519066.1|,100.00,223,0,0,1,223,251,29,1e-111,412
Bartonella washoensis,ERR1942292.718,gi|257153093|dbj|AB519066.1|,100.00,223,0,0,1,223,251,29,1e-111,412
Bartonella washoensis,ERR1942292.719,gi|257153093|dbj|AB519066.1|,100.00,223,0,0,1,223,251,29,1e-111,412
bacterium V9D2002,ERR1942292.720,gi|575791615|gb|KF698337.1|,93.43,213,10,3,1,211,331,121,1e-81,313
Bartonella washoensis,ERR1942292.722,gi|257153093|dbj|AB519066.1|,100.00,221,0,0,1,221,251,31,2e-110,409
Bartonella washoensis,ERR1942292.723,gi|257153093|dbj|AB519066.1|,100.00,221,0,0,1,221,251,31,2e-110,409
Bartonella washoensis,ERR1942292.724,gi|257153093|dbj|AB519066.1|,100.00,223,0,0,1,223,251,29,1e-111,412
